CASE_ID,ACCIDENT_YEAR,PROC_DATE,JURIS,COLLISION_DATE,COLLISION_TIME,OFFICER_ID,REPORTING_DISTRICT,DAY_OF_WEEK,CHP_SHIFT,POPULATION,CNTY_CITY_LOC,SPECIAL_COND,BEAT_TYPE,CHP_BEAT_TYPE,CITY_DIVISION_LAPD,CHP_BEAT_CLASS,BEAT_NUMBER,PRIMARY_RD,SECONDARY_RD,DISTANCE,DIRECTION,INTERSECTION,WEATHER_1,WEATHER_2,STATE_HWY_IND,CALTRANS_COUNTY,CALTRANS_DISTRICT,STATE_ROUTE,ROUTE_SUFFIX,POSTMILE_PREFIX,POSTMILE,LOCATION_TYPE,RAMP_INTERSECTION,SIDE_OF_HWY,TOW_AWAY,COLLISION_SEVERITY,NUMBER_KILLED,NUMBER_INJURED,PARTY_COUNT,PRIMARY_COLL_FACTOR,PCF_CODE_OF_VIOL,PCF_VIOL_CATEGORY,PCF_VIOLATION,PCF_VIOL_SUBSECTION,HIT_AND_RUN,TYPE_OF_COLLISION,MVIW,PED_ACTION,ROAD_SURFACE,ROAD_COND_1,ROAD_COND_2,LIGHTING,CONTROL_DEVICE,CHP_ROAD_TYPE,PEDESTRIAN_ACCIDENT,BICYCLE_ACCIDENT,MOTORCYCLE_ACCIDENT,TRUCK_ACCIDENT,NOT_PRIVATE_PROPERTY,ALCOHOL_INVOLVED,STWD_VEHTYPE_AT_FAULT,CHP_VEHTYPE_AT_FAULT,COUNT_SEVERE_INJ,COUNT_VISIBLE_INJ,COUNT_COMPLAINT_PAIN,COUNT_PED_KILLED,COUNT_PED_INJURED,COUNT_BICYCLIST_KILLED,COUNT_BICYCLIST_INJURED,COUNT_MC_KILLED,COUNT_MC_INJURED,PRIMARY_RAMP,SECONDARY_RAMP,LATITUDE,LONGITUDE,COUNTY,CITY,POINT_X,POINT_Y
9119858,2020,2020-08-12,0109,2020-05-28,1729,8245,1,4,5,7,0109,0,0,0,,0,20X,"8TH AV",INTERNATIONAL,0.00,,Y,A,-,N,,,,,,,,,,N,4,0,1,2,A,-,10,21950,A,N,G,B,B,A,H,-,A,A,0,Y,,,,Y,,A,07,0,0,1,0,1,0,0,0,0,"- ","- ",,,ALAMEDA,OAKLAND,-122.25125885009766,37.793498992919922
9122375,2020,2020-08-18,0109,2020-05-27,1455,9870,2,3,5,7,0109,0,0,0,,0,30X,"BANCROFT AV",66TH,0.00,,Y,A,-,N,,,,,,,,,,N,3,0,1,2,A,-,"- ",,,F,G,B,D,A,H,-,A,D,0,Y,,,,Y,Y,-,99,0,1,0,0,1,0,0,0,0,"- ","- ",,,ALAMEDA,OAKLAND,-122.18325805664062,37.769779205322266
9123745,2020,2020-09-09,0109,2020-06-17,1930,9876,1,3,5,7,0109,0,0,0,,0,13X,"BROADWAY TR","BUENA VISTA AV",0.00,,Y,A,-,N,,,,,,,,,,N,4,0,1,2,A,-,10,21950,A,N,B,B,B,A,H,-,A,A,0,Y,,,,Y,,A,01,0,0,1,0,1,0,0,0,0,"- ","- ",,,ALAMEDA,OAKLAND,-122.23040771484375,37.842521667480469
9129579,2020,2020-09-12,0109,2020-06-30,1546,9127,1,2,5,7,0109,0,0,0,,0,15X,"LAKESHORE AV","CLEVELAND CASCADE",0.00,,Y,A,-,N,,,,,,,,,,N,4,0,1,2,A,-,10,21950,A,N,G,B,A,A,H,-,A,D,0,,Y,,,Y,,A,07,0,0,1,0,0,0,1,0,0,"- ","- ",,,ALAMEDA,OAKLAND,-122.25003051757812,37.806400299072266
9129729,2020,2020-08-05,0109,2020-07-21,1705,9544,1,2,5,7,0109,0,0,0,,0,22X,"JOAQUIN MILLER RD","PIERPOINT AV",100.00,N,N,A,-,N,,,,,,,,,,N,4,0,1,2,A,-,08,22107,,N,G,B,E,A,H,-,A,D,0,Y,,,,Y,,A,01,0,0,1,0,1,0,0,0,0,"- ","- ",,,ALAMEDA,OAKLAND,-122.1961669921875,37.811008453369141
9136493,2020,2020-09-12,0109,2020-06-25,1338,9807,2,4,5,7,0109,0,0,0,,0,30Y,"MACARTHUR BL","82ND AV",0.00,,Y,A,-,N,,,,,,,,,,N,3,0,1,2,A,-,10,21950,A,M,G,B,B,A,H,-,A,A,0,Y,,,,Y,,A,01,0,1,0,0,1,0,0,0,0,"- ","- ",,,ALAMEDA,OAKLAND,-122.16488647460938,37.762691497802734
9143234,2020,2020-09-02,0109,2020-03-02,1738,9831,2,1,5,7,0109,0,0,0,,0,27X,"55TH AV","FOOTHILL BL",0.00,,Y,A,-,N,,,,,,,,,,N,4,0,1,2,A,-,12,21453,A,F,G,B,B,A,H,-,A,A,0,Y,,,,Y,,A,01,0,0,1,0,1,0,0,0,0,"- ","- ",,,ALAMEDA,OAKLAND,-122.19590759277344,37.772571563720703
9147203,2020,2020-09-22,0109,2020-07-27,1252,9786,2,1,5,7,0109,0,0,0,,0,29X,"64TH AV","FOOTHILL BL",0.00,,Y,A,-,N,,,,,,,,,,N,2,0,1,2,A,-,09,21801,A,N,H,G,A,A,H,-,A,D,0,,Y,,,Y,,A,01,1,0,0,0,0,0,1,0,0,"- ","- ",,,ALAMEDA,OAKLAND,-122.18448638916016,37.770778656005859
91516236,2020,2021-07-09,9370,2020-11-21,2201,022054,,6,3,7,0109,0,1,1,,2,098,"I-980 W/B","11TH ST",255.00,W,N,A,-,Y,,,,,,,,,,Y,2,0,1,2,A,-,03,22350,,M,G,B,E,A,H,-,C,D,0,Y,,,,Y,,-,99,1,0,0,0,1,0,0,0,0,"- ","- ",37.481449127197266,-122.16452789306641,ALAMEDA,OAKLAND,-122.27964019775391,37.804317474365234
91518768,2021,2021-07-13,9370,2021-07-05,0110,020815,,1,3,7,0109,0,1,1,,2,055,"I-580 EB TO SAN PABLO AVE","HOLLIS STREET",230.00,W,N,A,-,Y,,,580,,,,R,,E,Y,2,0,1,4,A,-,03,22350,,N,C,C,E,A,H,-,C,D,0,Y,,,,Y,,A,07,1,0,0,0,1,0,0,0,0,"- ","- ",37.826961517333984,-122.28533935546875,ALAMEDA,OAKLAND,-122.28533935546875,37.826961517333984
9152175,2020,2020-09-25,0109,2020-05-29,2155,9695,1,5,5,7,0109,0,0,0,,0,07X,"MARKET ST","27TH ST",100.00,N,N,A,-,N,,,,,,,,,,N,2,0,1,2,A,-,03,22350,,F,G,B,D,A,H,-,D,D,0,Y,,,,Y,,-,99,1,0,0,0,1,0,0,0,0,"- ","- ",,,ALAMEDA,OAKLAND,-122.27745056152344,37.817764282226562
91690102,2021,2022-02-01,9370,2021-12-27,0330,022299,,1,3,7,0109,0,1,3,,2,024,"SR-24 W/B",BROADWAY,600.00,W,N,C,-,Y,,,24,,,,,,W,Y,2,0,2,3,A,-,03,22350,,N,G,B,E,B,H,-,C,D,0,Y,,,,Y,,A,07,1,0,1,0,1,0,0,0,0,"- ","- ",37.847270965576172,-122.245849609375,ALAMEDA,OAKLAND,-122.24588012695312,37.847320556640625
91820466,2022,2022-07-19,9370,2022-07-07,1950,022856,,4,2,7,0109,0,1,1,,2,055,"I-580 W/B","WEBSTER ST",275.00,E,N,A,-,Y,,,580,,,,,,W,N,3,0,1,3,A,-,11,21954,A,N,G,B,E,A,H,-,B,D,0,Y,,,,Y,,N,60,0,1,0,0,1,0,0,0,0,"- ","- ",37.822719573974609,-122.26107025146484,ALAMEDA,OAKLAND,-122.26107025146484,37.822715759277344
9182911,2020,2020-11-24,0109,2020-09-29,1736,9744,1,2,5,7,0109,0,0,0,,0,08X,"WEST MACARTHUR BL","SHAFTER AV",0.00,,Y,A,-,N,,,,,,,,,,N,4,0,1,2,A,-,00,21082,A,N,G,B,B,A,H,-,A,A,0,Y,,,,Y,,N,60,0,0,1,0,1,0,0,0,0,"- ","- ",,,ALAMEDA,OAKLAND,-122.26051330566406,37.825061798095703
9197659,2020,2021-01-15,0109,2020-11-10,1103,9149,1,2,5,7,0109,0,0,0,,0,04X,"W GRAND AV","MARTIN LUTHER KING WY",0.00,,Y,A,-,N,,,,,,,,,,N,4,0,1,2,A,-,09,21801,A,N,D,G,A,A,H,-,A,A,0,,Y,,,Y,,A,01,0,0,1,0,0,0,1,0,0,"- ","- ",,,ALAMEDA,OAKLAND,-122.27278137207031,37.812480926513672
9199818,2020,2021-01-15,0109,2020-09-29,1956,8903,1,2,5,7,0109,0,0,0,,0,10X,"52ND ST","MARTIN LUTHER KING JR WY",0.00,,Y,A,-,N,,,,,,,,,,N,4,0,2,3,A,-,10,21950,A,N,G,B,B,A,H,-,C,A,0,Y,,,,Y,,A,01,0,0,2,0,2,0,0,0,0,"- ","- ",,,ALAMEDA,OAKLAND,-122.26869964599609,37.837188720703125
9202222,2020,2021-03-03,0109,2020-12-04,0733,8862,1,5,5,7,0109,0,0,0,,0,04X,"BANCROFT AV","CHURCH ST",0.00,,Y,A,-,N,,,,,,,,,,N,4,0,1,2,A,-,10,21950,A,N,G,B,B,A,H,-,A,A,0,Y,,,,Y,,D,22,0,0,1,0,1,0,0,0,0,"- ","- ",,,ALAMEDA,OAKLAND,-122.17955780029297,37.768028259277344
9206873,2020,2021-01-23,0109,2020-11-06,1750,9197,1,5,5,7,0109,0,0,0,,0,12X,"TELEGRAPH AV","45TH ST",0.00,,Y,A,-,N,,,,,,,,,,N,3,0,1,2,A,-,09,21801,A,M,H,G,A,A,H,-,C,A,0,,Y,,,Y,,A,07,0,1,0,0,0,0,1,0,0,"- ","- ",,,ALAMEDA,OAKLAND,-122.26342010498047,37.833019256591797
9208068,2020,2021-02-16,0109,2020-12-20,0903,9372,2,7,5,7,0109,0,0,0,,0,27X,"64TH AV","BANCROFT AV",0.00,,Y,A,-,N,,,,,,,,,,N,3,0,1,2,A,-,10,21950,A,M,A,B,B,A,H,-,A,A,0,Y,,,,Y,,D,22,0,1,0,0,1,0,0,0,0,"- ","- ",,,ALAMEDA,OAKLAND,-122.18538665771484,37.770061492919922
9210005,2020,2021-01-12,0109,2020-10-22,0730,8881,1,4,5,7,0109,0,0,0,,0,14X,"GRAND AV","PERKINS ST",0.00,,Y,A,-,N,,,,,,,,,,N,2,0,1,2,A,-,11,21950,B,N,G,B,D,A,H,-,A,A,0,Y,,,,Y,,N,60,1,0,0,0,1,0,0,0,0,"- ","- ",,,ALAMEDA,OAKLAND,-122.25611877441406,37.808948516845703
9210124,2020,2021-01-15,0109,2020-10-21,1857,9814,2,3,5,7,0109,0,0,0,,0,27X,"INTERNATIONAL BL","64TH AV",25.00,E,N,A,-,N,,,,,,,,,,N,2,0,1,2,A,-,10,21950,A,F,G,B,B,A,H,-,C,A,0,Y,,,,Y,,A,07,1,0,0,0,1,0,0,0,0,"- ","- ",,,ALAMEDA,OAKLAND,-122.19568634033203,37.763294219970703
9230046,2020,2021-03-16,0109,2020-12-16,2000,9169,1,3,5,7,0109,0,0,0,,0,03X,"10TH ST","JACKSON ST",0.00,,Y,B,-,N,,,,,,,,,,N,4,0,1,2,A,-,09,21801,A,F,D,G,A,B,H,-,C,A,0,,Y,,,Y,,A,01,0,0,1,0,0,0,1,0,0,"- ","- ",,,ALAMEDA,OAKLAND,-122.26695251464844,37.799221038818359
9232684,2020,2021-02-26,0109,2020-11-17,1425,9410,2,2,5,7,0109,0,0,0,,0,27X,"SEMINARY AV","HILTON ST",0.00,,Y,B,C,N,,,,,,,,,,N,4,0,1,2,A,-,10,21950,A,F,G,B,B,B,H,-,A,A,0,Y,,,,Y,,A,01,0,0,1,0,1,0,0,0,0,"- ","- ",,,ALAMEDA,OAKLAND,-122.1932373046875,37.769550323486328
9234444,2021,2021-03-12,0109,2021-01-09,2122,9919,2,6,5,7,0109,0,0,0,,0,30X,"MACARTHUR BL","PARKER AV",0.00,,Y,A,-,N,,,,,,,,,,N,3,0,1,3,A,-,03,22350,,N,G,-,D,A,H,-,C,A,0,Y,,,,Y,,-,99,0,1,0,0,1,0,0,0,0,"- ","- ",,,ALAMEDA,OAKLAND,-122.16776275634766,37.766006469726562
9237121,2020,2021-03-30,0109,2020-10-31,0114,9851,2,6,5,7,0109,0,0,0,,0,26X,"INTERNATIONAL BL","60TH AV",25.00,E,N,A,-,N,,,,,,,,,,N,3,0,1,4,A,-,03,22350,,M,C,C,C,A,H,-,C,A,0,Y,,Y,,Y,,C,02,0,1,0,0,1,0,0,0,0,"- ","- ",,,ALAMEDA,OAKLAND,-122.19865417480469,37.764694213867188
9247324,2021,2021-04-13,0109,2021-01-13,0748,9838,1,3,5,7,0109,0,0,0,,0,18X,"E 19TH ST","16TH ST",0.00,,Y,B,-,N,,,,,,,,,,N,3,0,1,2,A,-,10,21950,A,N,G,B,B,A,H,-,A,A,0,Y,,,,Y,,A,01,0,1,0,0,1,0,0,0,0,"- ","- ",,,ALAMEDA,OAKLAND,-122.24100494384766,37.791702270507812
9253920,2020,2021-04-26,0109,2020-12-08,0530,9570,1,2,5,7,0109,0,0,0,,0,02X,"BRUSH ST","12TH ST",3.00,S,N,A,-,N,,,,,,,,,,N,4,0,1,2,A,-,17,21658,B,N,H,G,A,A,H,-,C,A,0,,Y,,,Y,,L,04,0,0,1,0,0,0,1,0,0,"- ","- ",,,ALAMEDA,OAKLAND,-122.27947235107422,37.805873870849609
9279956,2021,2021-07-01,0109,2021-05-27,1300,9113,1,4,5,7,0109,0,0,0,,0,03X,"10TH ST","HARRISON ST",10.00,W,N,A,-,N,,,,,,,,,,N,2,0,1,2,A,-,08,22107,,N,G,B,B,A,H,-,A,A,0,Y,,,,Y,,A,01,1,0,0,0,1,0,0,0,0,"- ","- ",,,ALAMEDA,OAKLAND,-122.26934814453125,37.800163269042969
9308938,2021,2021-09-23,0109,2021-04-30,1429,8811,1,5,5,7,0109,0,0,0,,0,17X,"8TH AV","FOOTHILL BL",45.00,N,N,A,-,N,,,,,,,,,,N,3,0,1,2,A,-,21,22106,,N,G,B,D,A,H,-,A,D,0,Y,,,,Y,,A,01,0,1,0,0,1,0,0,0,0,"- ","- ",,,ALAMEDA,OAKLAND,-122.24936676025391,37.794933319091797
9308998,2021,2021-10-07,0109,2021-02-01,0031,9878,1,1,5,7,0109,0,0,0,,0,06X,"MARTIN LUTHER KING WY","35TH ST",30.00,N,N,A,-,N,,,,,,,,,,N,3,0,1,2,A,-,05,21650,1,F,A,G,A,A,H,-,C,D,0,,Y,,,Y,,L,04,0,1,0,0,0,0,1,0,0,"- ","- ",,,ALAMEDA,OAKLAND,-122.26981353759766,37.824222564697266
9309294,2021,2021-09-23,0109,2021-04-20,2339,9131,1,2,5,7,0109,0,0,0,,0,06X,"MARKET ST","35TH ST",0.00,,Y,A,-,N,,,,,,,,,,N,4,0,1,2,A,-,09,21801,A,N,D,G,A,A,H,-,C,A,0,,Y,,,Y,,A,01,0,0,1,0,0,0,1,0,0,"- ","- ",,,ALAMEDA,OAKLAND,-122.27519989013672,37.825550079345703
9309295,2021,2021-09-23,0109,2021-04-07,1315,9922,1,3,5,7,0109,0,0,0,,0,08X,"TELEGRAPH AV","25TH ST",0.00,,Y,A,-,N,,,,,,,,,,N,4,0,1,2,A,-,10,21950,A,N,G,B,B,A,H,-,A,A,0,Y,,,,Y,,A,01,0,0,1,0,1,0,0,0,0,"- ","- ",,,ALAMEDA,OAKLAND,-122.26837158203125,37.814338684082031
9318508,2021,2021-09-11,0109,2021-01-05,1725,9259,2,2,5,7,0109,0,0,0,,0,26Y,"INTERNATIONAL BL","73RD AV",0.00,,Y,A,-,N,,,,,,,,,,N,3,0,1,2,A,-,08,22107,,M,G,G,A,A,H,-,C,A,0,,Y,,,Y,,A,01,0,1,0,0,0,0,1,0,0,"- ","- ",,,ALAMEDA,OAKLAND,-122.18708038330078,37.759212493896484
9318510,2021,2021-09-11,0109,2021-01-10,1628,9527,2,7,5,7,0109,0,0,0,,0,23X,"INTERNATIONAL BL","33RD AV",5.00,E,N,A,-,N,,,,,,,,,,N,3,0,1,2,A,-,10,21950,A,N,G,B,B,A,H,-,A,A,0,Y,,,,Y,,-,99,0,1,0,0,1,0,0,0,0,"- ","- ",,,ALAMEDA,OAKLAND,-122.22451782226562,37.776973724365234
9319743,2021,2021-09-07,0109,2021-03-30,0745,9222,1,2,5,7,0109,0,0,0,,0,14X,"BAY PL","VERNON ST",0.00,,Y,A,-,N,,,,,,,,,,N,4,0,1,2,A,-,17,22517,,F,H,G,A,A,H,-,A,A,0,,Y,,,Y,,A,07,0,0,1,0,0,0,1,0,0,"- ","- ",,,ALAMEDA,OAKLAND,-122.26093292236328,37.812339782714844
9338681,2021,2021-10-04,0109,2021-02-14,0257,9771,1,7,5,7,0109,0,0,0,,0,07X,"SAN PABLO AV","BROOKHURST ST",0.00,,Y,A,-,N,,,,,,,,,,N,3,0,1,2,A,-,10,21950,A,F,G,B,B,A,H,-,E,A,0,Y,,,,Y,,A,01,0,1,0,0,1,0,0,0,0,"- ","- ",,,ALAMEDA,OAKLAND,-122.27742004394531,37.823635101318359
9360433,2021,2021-11-17,0109,2021-07-29,0820,9788,1,4,5,7,0109,0,0,0,,0,08X,"TELEGRAPH AV","MERRIMAC ST",0.00,,Y,A,-,N,,,,,,,,,,N,2,0,1,2,A,-,09,21801,A,N,D,G,A,A,H,-,A,D,0,,Y,,,Y,,A,01,1,0,0,0,0,0,1,0,0,"- ","- ",,,ALAMEDA,OAKLAND,-122.26779174804688,37.816585540771484
9360436,2021,2021-11-17,0109,2021-07-29,1713,9814,2,4,5,7,0109,0,0,0,,0,33X,"81ST AV",RUDSDALE,0.00,,Y,B,-,N,,,,,,,,,,N,4,0,1,2,A,-,08,22107,,M,G,B,E,A,H,-,A,A,0,Y,,,,Y,Y,A,01,0,0,1,0,1,0,0,0,0,"- ","- ",,,ALAMEDA,OAKLAND,-122.18502807617188,37.753280639648438
9369253,2021,2021-12-10,0109,2021-09-01,1712,9949,2,3,5,7,0109,0,0,0,,0,30X,"82ND AV","82ND AV 1745",0.00,,Y,A,-,N,,,,,,,,,,N,2,0,1,2,B,-,22,,,N,G,B,F,A,H,-,A,D,0,Y,,,,Y,,A,01,1,0,0,0,1,0,0,0,0,"- ","- ",,,ALAMEDA,OAKLAND,,
9369254,2021,2021-12-10,0109,2021-09-20,0903,9339,2,1,5,7,0109,0,0,0,,0,29X,"104TH AV","INTERNATIONAL BL",0.00,,Y,A,-,N,,,,,,,,,,N,4,0,1,2,A,-,10,21950,A,M,A,B,B,A,H,-,A,A,0,Y,,,,Y,,-,,0,0,1,0,1,0,0,0,0,"- ","- ",,,ALAMEDA,OAKLAND,-122.16745758056641,37.74029541015625
9372277,2021,2021-11-29,0109,2021-08-27,1530,9855,2,5,5,7,0109,0,0,0,,0,12X,"CLAREMONT AV","COLLEGE AV",20.00,N,N,A,-,N,,,,,,,,,,N,4,0,1,2,A,-,08,22107,,N,G,B,E,A,H,-,A,A,0,Y,,,,Y,,A,08,0,0,1,0,1,0,0,0,0,"- ","- ",,,ALAMEDA,OAKLAND,-122.25224304199219,37.8494873046875
9375317,2021,2021-12-13,0109,2021-05-19,1540,9094,1,3,5,7,0109,0,0,0,,0,12X,"51ST ST","TELEGRAPH AV",0.00,,Y,A,-,N,,,,,,,,,,N,4,0,1,2,A,-,09,21801,A,N,D,G,A,A,H,-,A,A,0,,Y,,Y,Y,,F,26,0,0,1,0,0,0,1,0,0,"- ","- ",,,ALAMEDA,OAKLAND,-122.26235198974609,37.837207794189453
9402840,2021,2022-03-02,0109,2021-11-27,2200,9833,2,6,5,7,0109,0,0,0,,0,34X,"83RD AV","INTERNATIONAL BL",0.00,,Y,A,-,N,,,,,,,,,,N,4,0,1,2,A,-,10,21950,A,M,G,B,B,A,H,-,C,D,0,Y,,,,Y,,-,,0,0,1,0,1,0,0,0,0,"- ","- ",,,ALAMEDA,OAKLAND,-122.17832183837891,37.754810333251953
9402954,2022,2022-02-10,0109,2022-01-04,1233,8217,1,2,5,7,0109,0,0,0,,0,03Y,"OAK ST","11TH ST",41.00,S,N,A,-,N,,,,,,,,,,N,4,0,1,3,A,-,08,22107,,N,D,E,B,A,H,-,A,A,0,Y,,,,Y,,A,01,0,0,1,0,1,0,0,0,0,"- ","- ",,,ALAMEDA,OAKLAND,-122.26418304443359,37.798946380615234
9407854,2022,2022-06-16,0109,2022-05-06,1955,9876,2,5,5,7,0109,0,0,0,,0,33X,"92ND AV","A ST",0.00,,Y,B,-,N,,,,,,,,,,N,4,0,1,2,A,-,12,22450,A,F,A,G,A,A,H,-,C,A,0,,Y,,,Y,,L,04,0,0,1,0,0,0,1,0,0,"- ","- ",,,ALAMEDA,OAKLAND,-122.17536163330078,37.747699737548828
9416439,2022,2022-03-15,0109,2022-01-14,0721,9915,1,5,5,7,0109,0,0,0,,0,21X,"FRUITVALE AV","E 23RD ST",0.00,,Y,A,-,N,,,,,,,,,,N,4,0,1,2,A,-,10,21950,A,F,G,B,A,A,H,-,A,A,0,,Y,,,Y,,A,08,0,0,1,0,0,0,1,0,0,"- ","- ",,,ALAMEDA,OAKLAND,-122.22206878662109,37.785427093505859
9417769,2021,2022-03-28,0109,2021-06-24,1842,9203,1,4,5,7,0109,0,0,0,,0,18X,"14TH AV","24TH ST",10.00,N,N,A,-,N,,,,,,,,,,N,3,0,1,2,A,-,12,21453,A,F,G,B,B,A,H,-,A,A,0,Y,,,,Y,,A,01,0,1,0,0,1,0,0,0,0,"- ","- ",,,ALAMEDA,OAKLAND,-122.23671722412109,37.795402526855469
9421851,2021,2022-05-02,0109,2021-11-06,0031,9480,1,6,5,7,0109,0,0,0,,0,04X,"TELEGRAPH AV","W GRAND AV",50.00,S,N,A,-,N,,,,,,,,,,N,3,0,1,2,A,-,03,22350,,M,G,B,D,A,H,-,C,A,0,Y,,,,Y,,A,01,0,1,0,0,1,0,0,0,0,"- ","- ",,,ALAMEDA,OAKLAND,-122.26904296875,37.811683654785156
9426457,2022,2022-04-04,0109,2022-02-24,1154,9949,1,4,5,7,0109,0,0,0,,0,08X,BROADWAY,"29TH ST",0.00,,Y,A,-,N,,,,,,,,,,N,4,0,1,2,A,-,09,21801,A,N,D,G,A,A,H,-,A,A,0,,Y,,,Y,,A,01,0,0,1,0,0,0,1,0,0,"- ","- ",,,ALAMEDA,OAKLAND,-122.26309204101562,37.817424774169922
9428712,2022,2022-04-21,0109,2022-02-25,0837,9742,1,5,5,7,0109,0,0,0,,0,03X,"CLAY ST","11TH ST",0.00,,Y,A,-,N,,,,,,,,,,N,4,0,1,2,A,-,10,21950,A,N,A,B,B,A,H,-,A,A,0,Y,,,,Y,,A,01,0,0,1,0,1,0,0,0,0,"- ","- ",,,ALAMEDA,OAKLAND,-122.27487945556641,37.803184509277344
9428896,2021,2022-04-01,0109,2021-08-26,1235,9924,1,4,5,7,0109,0,0,0,,0,02X,"ADELINE ST","8TH ST",30.00,S,N,A,-,N,,,,,,,,,,N,4,0,1,2,A,-,11,21954,A,M,G,B,D,A,H,-,A,A,0,Y,,,,Y,,N,60,0,0,1,0,1,0,0,0,0,"- ","- ",,,ALAMEDA,OAKLAND,-122.28785705566406,37.804771423339844
9433866,2022,2022-10-06,0109,2022-07-07,0258,9996,2,4,5,7,0109,0,0,0,,0,26X,"KEVIN CT","COLISEUM WY",650.00,N,N,A,-,N,,,,,,,,,,N,3,0,1,2,A,-,11,21950,B,N,G,B,E,A,H,-,C,A,0,Y,,,,Y,Y,N,60,0,1,0,0,1,0,0,0,0,"- ","- ",,,ALAMEDA,OAKLAND,-122.20603942871094,37.758613586425781
9439634,2022,2022-05-27,0109,2022-02-25,1902,9582,2,5,5,7,0109,0,0,0,,0,26X,"INTERNATIONAL BL","47TH AV",0.00,,Y,A,-,N,,,,,,,,,,N,4,0,1,2,A,-,12,21453,A,M,G,B,B,A,H,-,C,A,0,Y,,,,Y,,A,01,0,0,1,0,1,0,0,0,0,"- ","- ",,,ALAMEDA,OAKLAND,-122.21115875244141,37.770534515380859
9441766,2022,2022-05-13,0109,2022-04-01,1438,9533,1,5,5,7,0109,0,0,0,,0,03X,"FRANKLIN ST","8TH ST",30.00,N,N,A,-,N,,,,,,,,,,N,3,0,1,2,A,-,11,21954,A,N,G,B,E,A,H,-,A,A,0,Y,,,,Y,,N,60,0,1,0,0,1,0,0,0,0,"- ","- ",,,ALAMEDA,OAKLAND,-122.27247619628906,37.799785614013672
9441806,2022,2022-05-10,0109,2022-03-20,2030,9969,1,7,5,7,0109,0,0,0,,0,12X,"45TH ST","MARKET ST",0.00,,Y,A,-,N,,,,,,,,,,N,3,0,1,2,A,-,08,22107,,M,G,B,E,A,G,-,B,A,0,Y,,,,Y,,-,99,0,1,0,0,1,0,0,0,0,"- ","- ",,,ALAMEDA,OAKLAND,-122.27297210693359,37.834461212158203
9442337,2021,2022-04-28,0109,2021-10-07,0829,9479,1,4,5,7,0109,0,0,0,,0,21X,"23RD AV","E 27TH ST",0.00,,Y,B,-,N,,,,,,,,,,N,2,0,2,3,A,-,10,21950,A,F,G,B,B,A,-,-,A,A,0,Y,,,,Y,,A,01,1,0,1,0,2,0,0,0,0,"- ","- ",,,ALAMEDA,OAKLAND,-122.22673034667969,37.793556213378906
9443267,2021,2022-04-28,0109,2021-11-08,0821,9224,2,1,5,7,0109,0,0,0,,0,23X,"INTERNATIONAL BL","35TH AV",100.00,E,N,A,-,N,,,,,,,,,,N,4,0,1,2,A,-,11,21950,B,N,G,B,D,A,H,-,A,A,0,Y,,,,Y,,N,60,0,0,1,0,1,0,0,0,0,"- ","- ",,,ALAMEDA,OAKLAND,-122.222412109375,37.775981903076172
9443277,2021,2022-04-28,0109,2021-12-13,1735,9914,1,1,5,7,0109,0,0,0,,0,06X,"MARTIN LUTHER KING JR WY","29TH ST",0.00,,Y,C,-,N,,,,,,,,,,N,4,0,1,2,A,-,09,21802,A,F,D,G,A,B,H,-,C,D,0,,Y,,,Y,,A,01,0,0,1,0,0,0,1,0,0,"- ","- ",,,ALAMEDA,OAKLAND,-122.27119445800781,37.818729400634766
9444764,2021,2022-05-24,0109,2021-10-14,1817,8867,1,4,5,7,0109,0,0,0,,0,13Y,"CLAREMONT AV","RISPIN DR",154.00,S,N,A,-,N,,,,,,,,,,N,4,0,1,2,A,-,08,22103,,N,D,G,A,A,H,-,A,D,0,,Y,,,Y,,A,07,0,0,1,0,0,0,1,0,0,"- ","- ",,,ALAMEDA,OAKLAND,-122.23377227783203,37.863883972167969
9445232,2022,2022-05-19,0109,2022-04-19,1521,9960,1,2,5,7,0109,0,0,0,,0,18X,"E 19TH ST","19TH AV",5.00,E,N,A,-,N,,,,,,,,,,N,3,0,1,2,A,-,10,21950,A,F,G,B,B,A,H,-,A,D,0,Y,,,,Y,,A,01,0,1,0,0,1,0,0,0,0,"- ","- ",,,ALAMEDA,OAKLAND,-122.23784637451172,37.789772033691406
9446222,2022,2022-05-27,0109,2022-02-01,1551,9832,1,2,5,7,0109,0,0,0,,0,19X,"21ST AV","INTERNATIONAL BL",0.00,,Y,A,-,N,,,,,,,,,,N,4,0,1,2,A,-,08,22107,,N,B,G,A,A,H,-,A,A,0,,Y,,,Y,,A,01,0,0,1,0,0,0,1,0,0,"- ","- ",,,ALAMEDA,OAKLAND,-122.23890686035156,37.785186767578125