CASE_ID,ACCIDENT_YEAR,PROC_DATE,JURIS,COLLISION_DATE,COLLISION_TIME,OFFICER_ID,REPORTING_DISTRICT,DAY_OF_WEEK,CHP_SHIFT,POPULATION,CNTY_CITY_LOC,SPECIAL_COND,BEAT_TYPE,CHP_BEAT_TYPE,CITY_DIVISION_LAPD,CHP_BEAT_CLASS,BEAT_NUMBER,PRIMARY_RD,SECONDARY_RD,DISTANCE,DIRECTION,INTERSECTION,WEATHER_1,WEATHER_2,STATE_HWY_IND,CALTRANS_COUNTY,CALTRANS_DISTRICT,STATE_ROUTE,ROUTE_SUFFIX,POSTMILE_PREFIX,POSTMILE,LOCATION_TYPE,RAMP_INTERSECTION,SIDE_OF_HWY,TOW_AWAY,COLLISION_SEVERITY,NUMBER_KILLED,NUMBER_INJURED,PARTY_COUNT,PRIMARY_COLL_FACTOR,PCF_CODE_OF_VIOL,PCF_VIOL_CATEGORY,PCF_VIOLATION,PCF_VIOL_SUBSECTION,HIT_AND_RUN,TYPE_OF_COLLISION,MVIW,PED_ACTION,ROAD_SURFACE,ROAD_COND_1,ROAD_COND_2,LIGHTING,CONTROL_DEVICE,CHP_ROAD_TYPE,PEDESTRIAN_ACCIDENT,BICYCLE_ACCIDENT,MOTORCYCLE_ACCIDENT,TRUCK_ACCIDENT,NOT_PRIVATE_PROPERTY,ALCOHOL_INVOLVED,STWD_VEHTYPE_AT_FAULT,CHP_VEHTYPE_AT_FAULT,COUNT_SEVERE_INJ,COUNT_VISIBLE_INJ,COUNT_COMPLAINT_PAIN,COUNT_PED_KILLED,COUNT_PED_INJURED,COUNT_BICYCLIST_KILLED,COUNT_BICYCLIST_INJURED,COUNT_MC_KILLED,COUNT_MC_INJURED,PRIMARY_RAMP,SECONDARY_RAMP,LATITUDE,LONGITUDE,COUNTY,CITY,POINT_X,POINT_Y
9449906,2022,2022-06-07,0109,2022-04-21,2225,8742,1,4,5,7,0109,0,0,0,,0,04X,"14TH ST",BROADWAY,10.00,E,N,A,-,N,,,,,,,,,,N,4,0,1,2,A,-,11,21954,A,M,G,B,D,A,H,-,C,A,0,Y,,,,Y,Y,N,60,0,0,1,0,1,0,0,0,0,"- ","- ",,,ALAMEDA,OAKLAND,-122.27117156982422,37.804309844970703
9450419,2022,2022-06-03,0109,2022-04-26,0905,9963,2,2,5,7,0109,0,0,0,,0,26X,"HIGH ST","TIDEWATER AV",0.00,,Y,A,-,N,,,,,,,,,,N,2,0,1,2,A,-,03,22350,,N,G,G,A,A,H,-,A,D,0,,Y,,,Y,,A,01,1,0,0,0,0,0,1,0,0,"- ","- ",,,ALAMEDA,OAKLAND,-122.22377014160156,37.765602111816406
9450679,2022,2022-06-07,0109,2022-03-23,1337,9615,1,3,5,7,0109,0,0,0,,0,04X,"WEBSTER ST","17TH ST",4.00,W,N,A,-,N,,,,,,,,,,N,4,0,1,2,A,-,10,21950,A,M,G,B,B,A,H,-,A,A,0,Y,,,,Y,,A,01,0,0,1,0,1,0,0,0,0,"- ","- ",,,ALAMEDA,OAKLAND,-122.26734924316406,37.805709838867188
9452045,2021,2022-06-01,0109,2021-10-25,1631,9748,1,1,5,7,0109,0,0,0,,0,20X,"INTERNATIONAL BL","29TH AV",0.00,,Y,A,-,N,,,,,,,,,,N,4,0,1,5,A,-,12,21453,A,M,D,C,B,A,H,-,A,A,0,Y,,,,Y,,A,01,0,0,1,0,1,0,0,0,0,"- ","- ",,,ALAMEDA,OAKLAND,-122.22911071777344,37.779300689697266
9453618,2022,2022-06-21,0109,2022-05-23,1443,9196,2,1,5,7,0109,0,0,0,,0,08X,BROADWAY,"27TH ST",135.00,S,N,A,-,N,,,,,,,,,,N,3,0,1,3,A,-,08,22107,,N,B,G,A,A,H,-,A,D,0,,Y,,,Y,,A,07,0,1,0,0,0,0,1,0,0,"- ","- ",,,ALAMEDA,OAKLAND,-122.26434326171875,37.815284729003906
9463702,2021,2022-09-22,0109,2021-04-25,2230,8959,2,7,5,7,0109,0,0,0,,0,35X,"MACARTHUR BL","98TH AV",0.00,,Y,A,-,N,,,,,,,,,,N,4,0,1,2,A,-,10,21950,A,N,G,B,B,A,H,-,C,A,0,Y,,,,Y,,A,01,0,0,1,0,1,0,0,0,0,"- ","- ",,,ALAMEDA,OAKLAND,-122.15888977050781,37.749931335449219
9465712,2022,2023-01-04,0109,2022-11-18,1425,10040,2,5,5,7,0109,0,0,0,,0,22Y,"REDWOOD RD","MOUNTAIN BL",500.00,N,N,A,-,N,,,,,,,,,,N,3,0,1,2,A,-,11,21955,,N,G,B,D,A,H,-,A,D,0,Y,,,,Y,,N,60,0,1,0,0,1,0,0,0,0,"- ","- ",,,ALAMEDA,OAKLAND,-122.18629455566406,37.798763275146484
9491396,2022,2022-09-08,0109,2022-07-05,1540,9549,1,2,5,7,0109,0,0,0,,0,08X,"TELEGRAPH AV","34TH ST",10.00,N,N,A,-,N,,,,,,,,,,N,4,0,1,2,A,-,09,21802,A,N,G,G,A,A,H,-,A,A,0,,Y,,,Y,,A,01,0,0,1,0,0,0,1,0,0,"- ","- ",,,ALAMEDA,OAKLAND,-122.26624298095703,37.822498321533203
9493909,2022,2022-10-11,0109,2022-08-09,1545,10003,2,2,5,7,0109,0,0,0,,0,23X,"FRUITVALE AV","SAN LEANDRO ST",0.00,,Y,-,-,N,,,,,,,,,,N,3,0,1,2,A,-,08,22107,,N,H,G,A,A,H,-,A,A,0,,Y,,,Y,,I,20,0,1,0,0,0,0,1,0,0,"- ","- ",,,ALAMEDA,OAKLAND,-122.22700500488281,37.775257110595703
9498086,2022,2022-09-27,0109,2022-08-02,0751,9490,1,2,5,7,0109,0,0,0,,0,19X,"INTERNATIONAL BL","14TH AV",50.00,E,N,A,-,N,,,,,,,,,,N,4,0,1,2,A,-,08,22107,,N,D,G,A,A,H,-,A,A,0,,Y,,,Y,,A,01,0,0,1,0,0,0,1,0,0,"- ","- ",,,ALAMEDA,OAKLAND,-122.24600982666016,37.789337158203125
9498089,2022,2022-09-27,0109,2022-08-02,0624,9811,2,2,5,7,0109,0,0,0,,0,26X,"75TH AV","HAMILTON ST",0.00,,Y,A,-,N,,,,,,,,,,N,4,0,1,2,A,-,08,22107,,M,A,G,A,A,H,-,A,B,0,,Y,,,Y,,A,01,0,0,1,0,0,0,1,0,0,"- ","- ",,,ALAMEDA,OAKLAND,-122.18972015380859,37.755828857421875
9500665,2022,2022-10-12,0109,2022-05-01,0016,9842,2,7,5,7,0109,0,0,0,,0,32X,"INTERNATIONAL BL","103RD AV",121.00,W,N,-,-,N,,,,,,,,,,N,2,0,1,2,A,-,11,21954,A,N,G,B,D,A,H,-,C,A,0,Y,,,,Y,,N,60,1,0,0,0,1,0,0,0,0,"- ","- ",,,ALAMEDA,OAKLAND,-122.16815185546875,37.741214752197266
9504755,2022,2022-11-01,0109,2022-06-10,2128,9516,1,5,5,7,0109,0,0,0,,0,04X,"LAKESIDE DR","14TH ST",2.00,N,N,A,-,N,,,,,,,,,,N,4,0,1,2,A,-,10,21950,A,N,G,B,B,A,H,-,C,A,0,Y,,,,Y,,A,01,0,0,1,0,1,0,0,0,0,"- ","- ",,,ALAMEDA,OAKLAND,-122.26286315917969,37.801055908203125
9516692,2022,2022-12-13,0109,2022-10-26,0830,9222,1,3,5,7,0109,0,0,0,,0,09X,"41ST ST",BROADWAY,0.00,,Y,A,-,N,,,,,,,,,,N,4,0,1,2,A,-,09,21801,A,N,D,G,A,A,H,-,A,A,0,,Y,,,Y,,A,01,0,0,1,0,0,0,1,0,0,"- ","- ",,,ALAMEDA,OAKLAND,-122.25611114501953,37.828475952148438
9523001,2022,2022-12-30,0109,2022-11-11,1203,8824,2,5,5,7,0109,0,0,0,,0,31X,"RAILROAD AV","85TH AV",300.00,W,N,A,-,N,,,,,,,,,,N,4,0,1,2,B,-,22,,,N,B,F,A,A,G,-,A,D,0,,Y,,,Y,,L,04,0,0,1,0,0,0,1,0,0,"- ","- ",,,ALAMEDA,OAKLAND,-122.19082641601562,37.745540618896484
9523003,2022,2022-12-30,0109,2022-11-06,1800,10015,1,7,5,7,0109,0,0,0,,0,08X,"24TH ST","TELEGRAPH AV",0.00,,Y,A,-,N,,,,,,,,,,N,4,0,1,2,A,-,10,21950,A,N,G,B,B,A,H,-,C,D,0,Y,,,,Y,,A,01,0,0,1,0,1,0,0,0,0,"- ","- ",,,ALAMEDA,OAKLAND,-122.26859283447266,37.813438415527344
9523813,2022,2022-11-23,0109,2022-09-30,1543,9831,2,5,5,7,0109,0,0,0,,0,24X,"35TH AV","LYON AV",0.00,,Y,A,-,N,,,,,,,,,,N,3,0,1,2,A,-,09,21802,A,N,G,C,A,A,H,-,A,A,0,,Y,,,Y,,A,01,0,1,0,0,0,0,1,0,0,"- ","- ",,,ALAMEDA,OAKLAND,-122.21193695068359,37.78704833984375
9523836,2022,2022-11-21,0109,2022-09-24,2016,9458,1,6,5,7,0109,0,0,0,,0,12X,"MARTIN ST","CLAREMONT AV",30.00,W,N,A,-,N,,,,,,,,,,N,2,0,1,2,A,-,10,21950,A,F,G,B,E,A,H,-,C,A,0,Y,,,,Y,,A,07,1,0,0,0,1,0,0,0,0,"- ","- ",,,ALAMEDA,OAKLAND,-122.257080078125,37.843605041503906
9524157,2022,2022-12-07,0109,2022-10-31,2023,9727,2,1,5,7,0109,0,0,0,,0,33X,"90TH AV","A ST",0.00,,Y,A,-,N,,,,,,,,,,N,4,0,1,2,A,-,10,21950,A,N,G,B,B,A,H,-,D,A,0,Y,,,,Y,,A,01,0,0,1,0,1,0,0,0,0,"- ","- ",,,ALAMEDA,OAKLAND,-122.17636108398438,37.748977661132812
9525519,2022,2023-02-02,0109,2022-12-30,1713,9480,1,5,5,7,0109,0,0,0,,0,04X,BROADWAY,"21ST ST",0.00,,Y,B,C,N,,,,,,,,,,N,4,0,1,2,A,-,10,21950,A,N,G,B,B,B,H,-,C,A,0,Y,,,,Y,,A,01,0,0,1,0,1,0,0,0,0,"- ","- ",,,ALAMEDA,OAKLAND,-122.26760864257812,37.810043334960938
9529418,2022,2022-11-21,0109,2022-05-11,0919,9294,1,3,5,7,0109,0,0,0,,0,04X,"18TH ST","MARTIN LUTHER KING JR WY",0.00,,Y,A,-,N,,,,,,,,,,N,3,0,1,2,A,-,10,21950,A,N,G,B,B,A,H,-,A,A,0,Y,,,,Y,,A,01,0,1,0,0,1,0,0,0,0,"- ","- ",,,ALAMEDA,OAKLAND,-122.27442932128906,37.808639526367188
9548657,2022,2023-02-13,0109,2022-12-10,2349,9851,2,6,5,7,0109,0,0,0,,0,29X,"SEMINARY AV","CAMDEN ST",10.00,S,N,C,-,N,,,,,,,,,,N,4,0,1,2,A,-,11,21453,D,N,A,B,B,B,H,-,C,A,0,Y,,,,Y,,N,60,0,0,1,0,1,0,0,0,0,"- ","- ",,,ALAMEDA,OAKLAND,-122.18534088134766,37.775409698486328
8548693,2018,2018-02-20,0109,2018-01-17,1750,8881,1,3,5,7,0109,0,0,0,,0,13Z,"MORAGA AV","LA SALLE AV",0.00,,Y,A,-,N,,,,,,,,,,N,4,0,1,2,A,-,01,23152,A,N,G,B,B,A,H,-,C,A,0,Y,,,,Y,Y,A,07,0,0,1,0,1,0,0,0,0,"- ","- ",,,ALAMEDA,OAKLAND,-122.21056365966797,37.826198577880859
8560707,2018,2018-02-28,0109,2018-01-06,1036,9513,1,6,5,7,0109,0,0,0,,0,13X,BROADWAY,"KEITH AV",5.00,S,N,A,B,N,,,,,,,,,,N,2,0,1,2,A,-,11,21456,B,N,A,B,B,A,H,-,A,A,0,Y,,,,Y,,N,60,1,0,0,0,1,0,0,0,0,"- ","- ",,,ALAMEDA,OAKLAND,-122.24467468261719,37.846866607666016
8560842,2018,2018-02-27,0109,2018-02-06,1105,8658,2,2,5,7,0109,0,0,0,,0,25X,"MOUNTAIN BL","MOUNTAIN VIEW AV",50.00,E,N,A,-,N,,,,,,,,,,N,3,0,1,2,A,-,06,21760,A,N,C,G,A,A,H,-,A,D,0,,Y,,,Y,,A,01,0,1,0,0,0,0,1,0,0,"- ","- ",,,ALAMEDA,OAKLAND,-122.17440795898438,37.782073974609375
8567302,2018,2018-03-09,0109,2018-02-02,2340,9549,1,5,5,7,0109,0,0,0,,0,20X,"24TH AV","FOOTHILL BL",5.00,N,N,A,-,N,,,,,,,,,,N,4,0,1,2,A,-,01,23152,A,N,G,B,B,A,H,-,C,B,0,Y,,,,Y,Y,A,01,0,0,1,0,1,0,0,0,0,"- ","- ",,,ALAMEDA,OAKLAND,-122.23220825195312,37.7847900390625
8575802,2018,2018-03-22,0109,2018-01-30,1059,9141,2,2,5,7,0109,0,0,0,,0,023,"42ND AV","INTERNATIONAL BL",0.00,,Y,A,-,N,,,,,,,,,,N,4,0,1,2,A,-,12,21453,A,M,B,G,A,A,H,-,A,A,0,,Y,,,Y,,D,22,0,0,1,0,0,0,1,0,0,"- ","- ",,,ALAMEDA,OAKLAND,-122.21626281738281,37.77301025390625
8577733,2018,2018-03-26,0109,2018-03-02,1546,9717,1,5,5,7,0109,0,0,0,,0,06X,"40TH ST","MARTIN LUTHER KING JR WY",0.00,,Y,B,-,N,,,,,,,,,,N,4,0,1,2,A,-,10,21950,A,N,G,B,B,B,H,-,A,A,0,Y,,,,Y,,A,01,0,0,1,0,1,0,0,0,0,"- ","- ",,,ALAMEDA,OAKLAND,-122.2684326171875,37.829769134521484
8587661,2018,2018-05-22,0109,2018-03-29,1510,8869,1,4,5,7,0109,0,0,0,,0,02X,"GERRY ADAMS WY","CASTRO ST",80.00,E,N,A,-,N,,,,,,,,,,N,4,0,1,2,A,-,17,21657,,N,A,G,A,A,H,-,A,D,0,,Y,,,Y,,L,04,0,0,1,0,0,0,1,0,0,"- ","- ",,,ALAMEDA,OAKLAND,-122.27949523925781,37.801918029785156
8589189,2018,2018-04-11,0109,2018-03-06,1000,8681,2,2,5,7,0109,0,0,0,,0,23X,"HIGH ST","SAN LEANDRO ST",0.00,,Y,A,-,N,,,,,,,,,,N,4,0,1,2,A,-,05,21650,1,N,H,G,A,A,H,-,A,A,0,,Y,,,Y,,L,04,0,0,1,0,0,0,1,0,0,"- ","- ",,,ALAMEDA,OAKLAND,-122.21713256835938,37.770618438720703
8589399,2018,2018-04-06,0109,2018-02-02,1001,9471,2,5,5,7,0109,0,0,0,,0,30X,"73RD AV","HOLLY ST",20.00,N,N,A,-,N,,,,,,,,,,N,4,0,1,2,A,-,21,22106,,N,G,B,D,A,H,-,A,D,0,Y,,,,Y,,A,07,0,0,1,0,1,0,0,0,0,"- ","- ",,,ALAMEDA,OAKLAND,-122.18284606933594,37.762123107910156
8589592,2018,2018-04-10,0109,2018-01-18,1819,9341,2,4,5,7,0109,0,0,0,,0,32Y,"106TH AV","MACARTHUR BL",0.00,,Y,C,-,N,,,,,,,,,,N,4,0,1,2,A,-,10,21950,A,N,G,B,B,B,H,-,C,A,0,Y,,,,Y,,A,01,0,0,1,0,1,0,0,0,0,"- ","- ",,,ALAMEDA,OAKLAND,-122.15248870849609,37.742969512939453
8599775,2018,2018-04-24,0109,2018-03-13,0656,8089,1,2,5,7,0109,0,0,0,,0,02Y,"5TH ST","CHESTER ST",0.00,,Y,C,-,N,,,,,,,,,,N,4,0,1,2,A,-,10,21950,A,N,G,B,B,B,H,-,C,A,0,Y,,,,Y,,A,07,0,0,1,0,1,0,0,0,0,"- ","- ",,,ALAMEDA,OAKLAND,-122.29641723632812,37.804359436035156
8610100,2018,2018-05-03,0109,2018-03-18,0138,9615,1,7,5,7,0109,0,0,0,,0,08X,"27TH ST",BROADWAY,40.00,W,N,B,-,N,,,,,,,,,,N,3,0,1,2,A,-,11,21954,A,N,G,B,D,A,H,-,C,A,0,Y,,,,Y,Y,N,60,0,1,0,0,1,0,0,0,0,"- ","- ",,,ALAMEDA,OAKLAND,-122.26427459716797,37.815643310546875
8617350,2018,2018-05-23,0109,2018-04-30,0944,9298,1,1,5,7,0109,0,0,0,,0,03X,"15TH ST",BROADWAY,0.00,,Y,A,-,N,,,,,,,,,,N,4,0,1,2,A,-,17,21663,,F,G,B,F,A,H,-,A,A,0,Y,,,,Y,,A,01,0,0,1,0,1,0,0,0,0,"- ","- ",,,ALAMEDA,OAKLAND,-122.27059936523438,37.805301666259766
8631692,2018,2018-06-08,0109,2018-05-01,1901,9741,1,2,5,7,0109,0,0,0,,0,06X,"SAN PABLO AV","WEST ST",50.00,S,N,A,-,N,,,,,,,,,,N,2,0,1,2,A,-,17,22517,,N,H,G,A,A,H,-,A,D,0,,Y,,,Y,,A,01,1,0,0,0,0,0,1,0,0,"- ","- ",,,ALAMEDA,OAKLAND,-122.27479553222656,37.815097808837891
8632731,2018,2018-06-11,0109,2018-01-21,1630,9168,2,7,5,7,0109,0,0,0,,0,28X,"PIERSON ST","MORCOM AV",50.00,S,N,B,-,N,,,,,,,,,,N,3,0,1,2,A,-,03,22350,,N,A,B,D,A,H,-,A,D,0,Y,,,,Y,,A,01,0,1,0,0,1,0,0,0,0,"- ","- ",,,ALAMEDA,OAKLAND,-122.19062042236328,37.781757354736328
8632735,2018,2018-06-11,0109,2018-01-03,1757,9410,2,3,5,7,0109,0,0,0,,0,29X,"SEMINARY AV","BANCROFT AV",0.00,,Y,B,C,N,,,,,,,,,,N,2,0,1,2,A,-,12,21453,A,N,D,G,A,B,H,-,C,A,0,,Y,,,Y,,L,04,1,0,0,0,0,0,1,0,0,"- ","- ",,,ALAMEDA,OAKLAND,-122.19139099121094,37.770839691162109
8633977,2018,2018-06-15,0109,2018-04-09,0834,9472,1,1,5,7,0109,0,0,0,,0,03X,"13TH ST","WEBSTER ST",0.00,,Y,A,-,N,,,,,,,,,,N,3,0,2,3,A,-,12,21453,A,N,D,C,F,A,H,-,A,B,0,Y,,,,Y,,A,01,0,1,1,0,1,0,0,0,0,"- ","- ",,,ALAMEDA,OAKLAND,-122.26921844482422,37.802688598632812
8634148,2018,2018-06-07,0109,2018-04-08,2218,9644,1,7,5,7,0109,0,0,0,,0,21X,"HENRIETTA ST","E 34TH AV",50.00,E,N,A,-,N,,,,,,,,,,N,4,0,1,3,A,-,08,22107,,N,G,B,E,A,H,-,C,D,0,Y,,,,Y,Y,A,01,0,0,1,0,1,0,0,0,0,"- ","- ",,,ALAMEDA,OAKLAND,-122.2156982421875,37.788745880126953
8639208,2018,2018-07-30,0109,2018-04-18,1630,9741,2,3,5,7,0109,0,0,0,,0,28X,"MACARTHUR BL","CALAVERAS AV",50.00,S,N,A,-,N,,,,,,,,,,N,2,0,2,2,A,-,05,21650,1,N,H,G,A,A,H,-,A,A,0,,Y,,,Y,,L,04,1,1,0,0,0,0,1,0,0,"- ","- ",,,ALAMEDA,OAKLAND,-122.188720703125,37.784709930419922
8641735,2018,2018-06-26,0109,2018-05-05,1757,9634,1,6,5,7,0109,0,0,0,,0,04X,"19TH ST",BROADWAY,0.00,,Y,A,-,N,,,,,,,,,,N,3,0,1,2,A,-,10,21950,A,N,G,B,B,A,H,-,A,A,0,Y,,,,Y,,A,01,0,1,0,0,1,0,0,0,0,"- ","- ",,,ALAMEDA,OAKLAND,-122.26902770996094,37.807781219482422
8646993,2018,2018-07-11,0109,2018-05-05,1458,9547,1,6,5,7,0109,0,0,0,,0,003,BROADWAY,"9TH ST",0.00,S,N,A,-,N,,,,,,,,,,N,4,0,1,2,A,-,11,21950,B,N,G,B,E,A,H,-,A,A,0,Y,,,,Y,,N,60,0,0,1,0,1,0,0,0,0,"- ","- ",,,ALAMEDA,OAKLAND,-122.27333831787109,37.800868988037109
8656360,2018,2018-09-04,0109,2018-06-05,2121,9740,2,2,5,7,0109,0,0,0,,0,24X,"BROOKDALE AV","HIGH ST",0.00,,Y,A,-,N,,,,,,,,,,N,4,0,1,2,A,-,10,21950,A,N,G,B,B,A,H,-,C,A,0,Y,,,,Y,,A,01,0,0,1,0,1,0,0,0,0,"- ","- ",,,ALAMEDA,OAKLAND,-122.20416259765625,37.782539367675781
8662175,2018,2018-07-24,0109,2018-05-31,0810,8046,1,4,5,7,0109,0,0,0,,0,003,"5TH ST","JACKSON ST",0.00,,Y,A,-,N,,,,,,,,,,N,3,0,1,3,A,-,10,21950,A,N,G,B,B,A,H,-,A,A,0,Y,,,,Y,,A,01,0,1,0,0,1,0,0,0,0,"- ","- ",,,ALAMEDA,OAKLAND,-122.26908874511719,37.795791625976562
8662179,2018,2018-07-24,0109,2018-05-17,1611,8914,2,4,5,7,0109,0,0,0,,0,026,"66TH AV","FENHAM ST",0.00,,Y,A,-,N,,,,,,,,,,N,4,0,1,2,A,-,09,21802,A,N,D,G,A,A,H,-,A,A,0,,Y,,,Y,,A,01,0,0,1,0,0,0,1,0,0,"- ","- ",,,ALAMEDA,OAKLAND,-122.19735717773438,37.759468078613281
8662684,2018,2018-07-25,0109,2018-02-25,1938,9127,1,7,5,7,0109,0,0,0,,0,07X,"ADELLE ST","30TH ST",35.00,S,N,A,-,N,,,,,,,,,,N,4,0,1,2,A,-,04,21703,,M,C,G,A,A,H,-,A,D,0,,Y,,,Y,Y,-,99,0,0,1,0,0,0,1,0,0,"- ","- ",,,ALAMEDA,OAKLAND,-122.28166198730469,37.821922302246094
8662777,2018,2018-07-26,0109,2018-05-16,1600,9466,2,3,5,7,0109,0,0,0,,0,27Y,"SEMINARY AV","INTERNATIONAL BL",30.00,N,N,A,-,N,,,,,,,,,,N,4,0,1,2,A,-,10,21950,A,M,G,B,D,A,H,-,A,D,0,Y,,,,Y,,A,01,0,0,1,0,1,0,0,0,0,"- ","- ",,,ALAMEDA,OAKLAND,-122.19948577880859,37.765144348144531
8668823,2018,2018-08-20,0109,2018-06-19,1539,9158,1,2,5,7,0109,0,0,0,,0,03X,"HARRISON ST","7TH ST",8.00,N,N,A,-,N,,,,,,,,,,N,4,0,1,2,A,-,10,21950,A,N,G,B,D,A,H,-,A,A,0,Y,,,,Y,,A,01,0,0,1,0,1,0,0,0,0,"- ","- ",,,ALAMEDA,OAKLAND,-122.27061462402344,37.798110961914062
8669103,2018,2018-08-14,0109,2018-06-03,2132,9607,2,7,5,7,0109,0,0,0,,0,23X,"FRUITVALE AV","E 17TH ST",5.00,S,N,A,-,N,,,,,,,,,,N,4,0,2,3,A,-,11,21954,A,N,G,B,D,A,H,-,B,D,0,Y,,,,Y,Y,N,60,0,0,2,0,2,0,0,0,0,"- ","- ",,,ALAMEDA,OAKLAND,-122.22409820556641,37.781116485595703
8669323,2018,2018-08-16,0109,2018-05-29,0014,9717,1,2,5,7,0109,0,0,0,,0,16X,"CHATHAM RD","BEAUMONT AV",0.00,,Y,B,-,N,,,,,,,,,,N,4,0,1,2,A,-,10,21950,A,N,G,B,B,A,H,-,C,A,0,Y,,,,Y,,A,01,0,0,1,0,1,0,0,0,0,"- ","- ",,,ALAMEDA,OAKLAND,-122.22866821289062,37.801471710205078
8673347,2018,2018-08-22,0109,2018-06-20,1417,8914,2,3,5,7,0109,0,0,0,,0,30Y,"CHURCH ST","FOOTHILL BL",255.00,S,N,A,-,N,,,,,,,,,,N,4,0,1,3,A,-,05,21650,1,N,H,G,A,A,H,-,A,A,0,,Y,,,Y,,L,04,0,0,1,0,0,0,1,0,0,"- ","- ",,,ALAMEDA,OAKLAND,-122.17776489257812,37.769233703613281
8685912,2018,2018-09-06,0109,2018-07-25,1400,8862,1,3,5,7,0109,0,0,0,,0,022,"SKYLINE BL",MELVILLE,1500.00,E,N,A,-,N,,,,,,,,,,N,4,0,1,1,C,-,18,,,N,H,A,A,A,H,-,A,A,0,,Y,,,Y,,-,"- ",0,0,1,0,0,0,1,0,0,"- ","- ",,,ALAMEDA,OAKLAND,-122.18692779541016,37.823360443115234
8686946,2018,2018-08-27,0109,2018-06-08,1721,9624,1,5,5,7,0109,0,0,0,,0,003,"12TH ST","WEBSTER ST",0.00,,Y,A,-,N,,,,,,,,,,N,4,0,1,2,A,-,11,21955,,N,G,B,B,A,H,-,A,A,0,Y,,,,Y,,N,60,0,0,1,0,1,0,0,0,0,"- ","- ",,,ALAMEDA,OAKLAND,-122.2696533203125,37.801998138427734
8686979,2018,2018-08-23,0109,2018-06-04,2059,9634,1,1,5,7,0109,0,0,0,,0,03X,"WEBSTER ST","7TH ST",20.00,N,N,A,-,N,,,,,,,,,,N,4,0,1,2,A,-,04,21703,,N,C,G,A,A,H,-,C,A,0,,Y,,,Y,,A,01,0,0,1,0,0,0,1,0,0,"- ","- ",,,ALAMEDA,OAKLAND,-122.27175903320312,37.798610687255859
8687461,2018,2018-09-25,0109,2018-07-19,1004,8862,1,4,5,7,0109,0,0,0,,0,04X,"MARTIN LUTHER KING JR WY","WEST GRAND AV",0.00,,Y,A,-,N,,,,,,,,,,N,4,0,1,2,A,-,08,22107,,N,H,G,A,A,H,-,A,A,0,,Y,,Y,Y,,F,27,0,0,1,0,0,0,1,0,0,"- ","- ",,,ALAMEDA,OAKLAND,-122.27278137207031,37.812480926513672
8689809,2018,2018-09-10,0109,2018-06-13,0645,9734,1,3,5,7,0109,0,0,0,,0,03X,"MADISON ST","6TH ST",0.00,,Y,A,-,N,,,,,,,,,,N,4,0,1,2,D,-,00,,,N,-,G,A,A,H,-,A,A,0,,Y,,,Y,,-,"- ",0,0,1,0,0,0,1,0,0,"- ","- ",,,ALAMEDA,OAKLAND,-122.26750946044922,37.796001434326172
8689814,2018,2018-09-07,0109,2018-04-27,0001,8919,1,5,5,7,0109,0,0,0,,0,07X,"FILBERT ST","32ND ST",100.00,S,N,A,-,N,,,,,,,,,,N,4,0,1,2,A,-,10,21950,A,N,G,B,D,A,H,-,D,A,0,Y,,,,Y,,A,01,0,0,1,0,1,0,0,0,0,"- ","- ",,,ALAMEDA,OAKLAND,-122.27787780761719,37.822765350341797
8690688,2018,2018-09-19,0109,2018-07-06,1338,8869,1,5,5,7,0109,0,0,0,,0,19X,"INTERNATIONAL BL","1ST AV",0.00,,Y,A,-,N,,,,,,,,,,N,4,0,1,2,A,-,12,21453,A,M,D,G,A,A,H,-,A,A,0,,Y,,,Y,,L,04,0,0,1,0,0,0,1,0,0,"- ","- ",,,ALAMEDA,OAKLAND,-122.2572021484375,37.798690795898438
8690698,2018,2018-09-18,0109,2018-06-23,1355,9137,1,6,5,7,0109,0,0,0,,0,21X,"FRUITVALE AV","BROOKDALE AV",0.00,,Y,A,-,N,,,,,,,,,,N,4,0,1,2,A,-,05,21650,,N,D,-,A,A,H,-,A,A,0,,Y,,,Y,,L,04,0,0,1,0,0,0,1,0,0,"- ","- ",,,ALAMEDA,OAKLAND,-122.21904754638672,37.793060302734375
8705765,2018,2018-10-15,0109,2018-09-14,1448,4469,1,5,5,7,0109,0,0,0,,0,15X,"LAKESHORE AV","FOOTHILL BL",0.00,,Y,A,-,N,,,,,,,,,,N,3,0,2,3,A,-,03,22350,,N,G,B,F,A,H,-,A,A,0,Y,,,,Y,,A,07,0,2,0,0,2,0,0,0,0,"- ","- ",,,ALAMEDA,OAKLAND,-122.25509643554688,37.800018310546875
8706479,2018,2018-10-02,0109,2018-06-03,0300,9519,1,7,5,7,0109,0,0,0,,0,19X,"16TH AV","FOOTHILL BL",200.00,N,N,A,-,N,,,,,,,,,,N,3,0,1,2,A,-,03,22350,,M,G,G,A,A,H,-,C,D,0,,Y,,,Y,Y,-,,0,1,0,0,0,0,1,0,0,"- ","- ",,,ALAMEDA,OAKLAND,-122.24217987060547,37.790431976318359