CASE_ID,ACCIDENT_YEAR,PROC_DATE,JURIS,COLLISION_DATE,COLLISION_TIME,OFFICER_ID,REPORTING_DISTRICT,DAY_OF_WEEK,CHP_SHIFT,POPULATION,CNTY_CITY_LOC,SPECIAL_COND,BEAT_TYPE,CHP_BEAT_TYPE,CITY_DIVISION_LAPD,CHP_BEAT_CLASS,BEAT_NUMBER,PRIMARY_RD,SECONDARY_RD,DISTANCE,DIRECTION,INTERSECTION,WEATHER_1,WEATHER_2,STATE_HWY_IND,CALTRANS_COUNTY,CALTRANS_DISTRICT,STATE_ROUTE,ROUTE_SUFFIX,POSTMILE_PREFIX,POSTMILE,LOCATION_TYPE,RAMP_INTERSECTION,SIDE_OF_HWY,TOW_AWAY,COLLISION_SEVERITY,NUMBER_KILLED,NUMBER_INJURED,PARTY_COUNT,PRIMARY_COLL_FACTOR,PCF_CODE_OF_VIOL,PCF_VIOL_CATEGORY,PCF_VIOLATION,PCF_VIOL_SUBSECTION,HIT_AND_RUN,TYPE_OF_COLLISION,MVIW,PED_ACTION,ROAD_SURFACE,ROAD_COND_1,ROAD_COND_2,LIGHTING,CONTROL_DEVICE,CHP_ROAD_TYPE,PEDESTRIAN_ACCIDENT,BICYCLE_ACCIDENT,MOTORCYCLE_ACCIDENT,TRUCK_ACCIDENT,NOT_PRIVATE_PROPERTY,ALCOHOL_INVOLVED,STWD_VEHTYPE_AT_FAULT,CHP_VEHTYPE_AT_FAULT,COUNT_SEVERE_INJ,COUNT_VISIBLE_INJ,COUNT_COMPLAINT_PAIN,COUNT_PED_KILLED,COUNT_PED_INJURED,COUNT_BICYCLIST_KILLED,COUNT_BICYCLIST_INJURED,COUNT_MC_KILLED,COUNT_MC_INJURED,PRIMARY_RAMP,SECONDARY_RAMP,LATITUDE,LONGITUDE,COUNTY,CITY,POINT_X,POINT_Y
9423183,2021,2022-05-02,0109,2021-09-07,2323,9591,2,2,5,7,0109,0,0,0,,0,30X,"INTERNATIONAL BL","80TH AV",40.00,E,N,A,-,N,,,,,,,,,,N,2,0,1,2,A,-,11,21954,A,N,G,B,D,A,H,-,C,D,0,Y,,,,Y,,N,60,1,0,0,0,1,0,0,0,0,"- ","- ",,,ALAMEDA,OAKLAND,-122.1815185546875,37.756542205810547
9428483,2021,2022-05-02,0109,2021-10-03,2031,9870,2,7,5,7,0109,0,0,0,,0,26X,"HIGH ST","HIGH ST 720",0.00,,-,A,-,N,,,,,,,,,,N,4,0,1,2,B,-,22,,,M,A,B,F,A,H,-,A,D,0,Y,,,,Y,,D,22,0,0,1,0,1,0,0,0,0,"- ","- ",,,ALAMEDA,OAKLAND,-122.19145965576172,37.789138793945312
9428881,2021,2022-04-01,0109,2021-04-02,1205,9651,2,5,5,7,0109,0,0,0,,0,03X,"7TH ST","WEBSTER ST",3.00,W,N,A,-,N,,,,,,,,,,N,4,0,1,2,A,-,10,21950,A,M,G,B,B,A,H,-,A,A,0,Y,,,,Y,,A,01,0,0,1,0,1,0,0,0,0,"- ","- ",,,ALAMEDA,OAKLAND,-122.27179718017578,37.798564910888672
9428951,2021,2022-03-30,0109,2021-09-17,1826,9363,2,5,5,7,0109,0,0,0,,0,33X,"81ST AV","INTERNATIONAL BL",240.00,S,N,A,-,N,,,,,,,,,,Y,3,0,1,3,A,-,08,22107,,N,G,C,F,A,H,-,A,D,0,Y,,,,Y,,A,01,0,1,0,0,1,0,0,0,0,"- ","- ",,,ALAMEDA,OAKLAND,-122.18128204345703,37.755695343017578
9430775,2021,2022-04-14,0109,2021-04-19,0416,9853,1,1,5,7,0109,0,0,0,,0,04X,"MARTIN LUTHER KING JR WY","14TH ST",0.00,,Y,A,-,N,,,,,,,,,,Y,3,0,2,5,A,-,01,23152,A,N,D,C,F,A,H,-,A,A,0,Y,,,,Y,Y,A,01,0,1,1,0,1,0,0,0,0,"- ","- ",,,ALAMEDA,OAKLAND,-122.27597045898438,37.806209564208984
9430850,2022,2022-04-11,0109,2022-03-22,0824,9142,2,2,5,7,0109,0,0,0,,0,21X,"COOLIDGE AV","SCHOOL ST",5.00,N,N,A,-,N,,,,,,,,,,N,3,0,1,2,A,-,10,21950,A,N,G,B,B,A,H,-,A,A,0,Y,,,,Y,,D,22,0,1,0,0,1,0,0,0,0,"- ","- ",,,ALAMEDA,OAKLAND,-122.21250915527344,37.794742584228516
9431385,2021,2022-05-02,0109,2021-09-23,1711,9946,2,4,5,7,0109,0,0,0,,0,26X,"69TH AV","HERBERT GUICE WY",200.00,S,N,A,-,N,,,,,,,,,,N,2,0,1,2,A,-,05,21650,1,N,D,G,A,A,H,-,A,D,0,,Y,,,Y,,L,04,1,0,0,0,0,0,1,0,0,"- ","- ",,,ALAMEDA,OAKLAND,-122.19113159179688,37.760108947753906
9431922,2021,2022-04-18,0109,2021-11-24,1540,8867,1,3,5,7,0109,0,0,0,,0,14Y,"GRAND AV","SUNNY SLOPE AV",110.00,S,N,A,-,N,,,,,,,,,,N,4,0,1,2,A,-,21,22106,,N,D,G,A,A,H,-,A,D,0,,Y,,,Y,,A,01,0,0,1,0,0,0,1,0,0,"- ","- ",,,ALAMEDA,OAKLAND,-122.24506378173828,37.81768798828125
9431963,2022,2022-04-19,0109,2022-01-23,1215,8402,1,7,5,7,0109,0,0,0,,0,03X,"WEBSTER ST","7TH ST",0.00,,Y,A,-,N,,,,,,,,,,N,3,0,1,2,A,-,10,21950,A,N,G,B,B,A,H,-,A,A,0,Y,,,,Y,,A,01,0,1,0,0,1,0,0,0,0,"- ","- ",,,ALAMEDA,OAKLAND,-122.27178955078125,37.798561096191406
9432942,2022,2022-09-01,0109,2022-05-05,1001,8610,1,4,5,7,0109,0,0,0,,0,02Y,"12TH ST","CHESTER ST",80.00,E,N,A,-,N,,,,,,,,,,N,3,0,1,3,C,-,18,,,N,H,G,A,A,H,-,A,D,0,,Y,,,Y,,-,"- ",0,1,0,0,0,0,1,0,0,"- ","- ",,,ALAMEDA,OAKLAND,-122.29417419433594,37.809822082519531
9436216,2022,2022-05-02,0109,2022-01-25,1724,9582,1,2,5,7,0109,0,0,0,,0,26X,"HIGH ST","WATTLING ST",250.00,E,N,A,-,N,,,,,,,,,,N,3,0,1,2,A,-,03,22350,,M,D,G,A,A,H,-,C,D,0,,Y,,,Y,,A,01,0,1,0,0,0,0,1,0,0,"- ","- ",,,ALAMEDA,OAKLAND,-122.21749877929688,37.770339965820312
9437778,2022,2022-05-17,0109,2022-03-28,0800,9350,2,1,5,7,0109,0,0,0,,0,34X,"98TH AV","PLYMOUTH ST",0.00,,Y,C,-,N,,,,,,,,,,N,4,0,1,2,A,-,10,21950,A,M,G,B,B,B,H,-,A,A,0,Y,,,,Y,,A,07,0,0,1,0,1,0,0,0,0,"- ","- ",,,ALAMEDA,OAKLAND,-122.16724395751953,37.74591064453125
9438949,2022,2022-06-02,0109,2022-04-12,1325,8681,2,2,5,7,0109,0,0,0,,0,33X,"INTERNATIONAL BL","86TH AV",40.00,E,N,A,-,N,,,,,,,,,,N,4,0,1,2,A,-,17,21208,A,N,D,G,A,A,H,-,A,A,0,,Y,,,Y,,L,04,0,0,1,0,0,0,1,0,0,"- ","- ",,,ALAMEDA,OAKLAND,-122.17658233642578,37.752452850341797
9441499,2022,2022-05-19,0109,2022-04-22,1740,9172,1,5,5,7,0109,0,0,0,,0,02X,"ADELINE ST","10TH ST",0.00,,Y,A,-,N,,,,,,,,,,N,4,0,1,2,A,-,10,21950,A,M,B,B,B,A,H,-,A,A,0,Y,,,,Y,,A,01,0,0,1,0,1,0,0,0,0,"- ","- ",,,ALAMEDA,OAKLAND,-122.28719329833984,37.806625366210938
9442339,2021,2022-04-28,0109,2021-10-23,1726,9533,1,6,5,7,0109,0,0,0,,0,03X,"13TH ST","MADISON ST",0.00,,Y,B,-,N,,,,,,,,,,N,4,0,1,2,A,-,10,21950,A,N,G,B,B,A,H,-,A,A,0,Y,,,,Y,,A,07,0,0,1,0,1,0,0,0,0,"- ","- ",,,ALAMEDA,OAKLAND,-122.26448822021484,37.800827026367188
9443286,2021,2022-04-29,0109,2021-12-03,0758,9738,1,5,5,7,0109,0,0,0,,0,02X,"14TH ST","BRUSH ST",0.00,,Y,A,-,N,,,,,,,,,,N,4,0,1,2,A,-,11,21453,D,M,D,C,B,A,H,-,A,A,0,Y,,,,Y,,N,60,0,0,1,0,1,0,0,0,0,"- ","- ",,,ALAMEDA,OAKLAND,-122.27864837646484,37.807216644287109
9444775,2021,2022-05-24,0109,2021-11-21,0712,9936,1,7,5,7,0109,0,0,0,,0,02X,"5TH ST","BRUSH ST",0.00,,Y,A,-,N,,,,,,,,,,N,3,0,1,2,A,-,12,21453,A,M,H,B,C,A,H,-,A,A,0,Y,,,,Y,,A,01,0,1,0,0,1,0,0,0,0,"- ","- ",,,ALAMEDA,OAKLAND,-122.28219604492188,37.800918579101562
9445236,2022,2022-05-19,0109,2022-04-06,2246,9966,2,3,5,7,0109,0,0,0,,0,27Y,"BANCROFT AV","FORTUNE WY",0.00,,Y,A,-,N,,,,,,,,,,N,2,0,1,2,A,-,08,22107,,F,C,G,A,A,H,-,C,D,0,,Y,,,Y,,A,01,1,0,0,0,0,0,1,0,0,"- ","- ",,,ALAMEDA,OAKLAND,-122.19013214111328,37.770679473876953
9447861,2022,2022-09-16,0109,2022-08-20,0846,8077,1,6,5,7,0109,0,0,0,,0,03X,"FRANKLIN ST","8TH ST",25.00,N,N,A,-,N,,,,,,,,,,N,3,0,1,2,D,-,00,,,N,B,B,D,A,G,-,A,A,0,Y,,,,Y,,-,"- ",0,1,0,0,1,0,0,0,0,"- ","- ",,,ALAMEDA,OAKLAND,-122.27248382568359,37.799770355224609
9449031,2022,2022-06-15,0109,2022-01-29,0755,9944,1,6,5,7,0109,0,0,0,,0,,"44TH ST","MARTIN LUTHER KING JR WY",0.00,,Y,A,-,N,,,,,,,,,,N,4,0,1,2,A,-,12,22450,A,N,D,G,A,A,H,-,A,A,0,,Y,,,Y,,D,22,0,0,1,0,0,0,1,0,0,"- ","- ",,,ALAMEDA,OAKLAND,-122.26763916015625,37.8328857421875
9449884,2022,2022-06-03,0109,2022-03-25,2110,9929,1,5,5,7,0109,0,0,0,,0,07X,"34TH ST","HELEN ST",0.00,,Y,A,-,N,,,,,,,,,,N,3,0,1,2,A,-,09,21800,A,F,D,G,A,A,H,-,C,C,0,,Y,,,Y,,-,99,0,1,0,0,0,0,1,0,0,"- ","- ",,,ALAMEDA,OAKLAND,-122.28630065917969,37.825450897216797
9449890,2022,2022-06-27,0109,2022-03-17,2119,9921,2,4,5,7,0109,0,0,0,,0,26Y,"INTERNATIONAL BL","81ST AV",15.00,W,N,A,-,N,,,,,,,,,,N,3,0,1,2,A,-,05,21202,A,N,H,G,A,A,H,-,C,D,0,,Y,,,Y,Y,L,04,0,1,0,0,0,0,1,0,0,"- ","- ",,,ALAMEDA,OAKLAND,-122.18069458007812,37.756141662597656
9450672,2022,2022-06-07,0109,2022-03-30,0634,9958,2,3,5,7,0109,0,0,0,,0,26X,"HIGH ST","WATTLING ST",0.00,,Y,A,-,N,,,,,,,,,,N,2,0,2,3,A,-,10,21950,A,N,G,B,B,A,H,-,B,D,0,Y,,,,Y,,A,01,2,0,0,0,2,0,0,0,0,"- ","- ",,,ALAMEDA,OAKLAND,-122.21812438964844,37.769866943359375
9451369,2022,2022-06-24,0109,2022-05-16,0433,9644,1,1,5,7,0109,0,0,0,,0,18X,"E 21ST ST","21ST AV",75.00,E,N,A,-,N,,,,,,,,,,N,3,0,1,2,A,-,08,22107,,F,G,B,E,A,H,-,B,D,0,Y,,,,Y,,-,99,0,1,0,0,1,0,0,0,0,"- ","- ",,,ALAMEDA,OAKLAND,-122.23391723632812,37.790081024169922
9453307,2022,2022-11-02,0109,2022-04-12,1530,9904,2,2,5,7,0109,0,0,0,,0,31X,"RUSSET ST","105TH AV",0.00,,Y,A,-,N,,,,,,,,,,N,4,0,2,3,A,-,10,21950,A,N,G,B,B,A,H,-,A,A,0,Y,,,,Y,,A,01,0,0,2,0,2,0,0,0,0,"- ","- ",,,ALAMEDA,OAKLAND,-122.17514801025391,37.735309600830078
9453619,2022,2022-06-21,0109,2022-05-03,1054,9052,1,2,5,7,0109,0,0,0,,0,08X,"TELEGRAPH AV","34TH ST",0.00,,Y,A,-,N,,,,,,,,,,N,4,0,1,3,A,-,12,21453,A,N,D,C,B,A,H,-,A,A,0,Y,,,,Y,,A,01,0,0,1,0,1,0,0,0,0,"- ","- ",,,ALAMEDA,OAKLAND,-122.26625061035156,37.822471618652344
9454570,2022,2022-07-06,0109,2022-04-21,1605,9909,2,4,5,7,0109,0,0,0,,0,34X,"INTERNATIONAL BL","82ND AV",92.00,W,N,A,-,N,,,,,,,,,,N,4,0,1,2,A,-,11,21954,A,N,G,B,D,A,H,-,A,A,0,Y,,,,Y,,N,60,0,0,1,0,1,0,0,0,0,"- ","- ",,,ALAMEDA,OAKLAND,-122.17980194091797,37.755691528320312
9456863,2022,2022-06-24,0109,2022-02-13,0002,9876,2,7,5,7,0109,0,0,0,,0,31X,"98TH AV","EDES AV",0.00,,Y,A,-,N,,,,,,,,,,N,3,0,1,2,A,-,12,21453,A,F,G,B,B,A,H,-,C,A,0,Y,,,,Y,,A,01,0,1,0,0,1,0,0,0,0,"- ","- ",,,ALAMEDA,OAKLAND,-122.18331146240234,37.736431121826172
9457729,2022,2022-06-09,0109,2022-02-15,1536,9533,1,2,5,7,0109,0,0,0,,0,05X,"MARKET ST","21ST ST",0.00,,Y,A,-,N,,,,,,,,,,N,3,0,1,2,A,-,17,21209,A,M,C,G,A,A,H,-,A,D,0,,Y,,,Y,,A,01,0,1,0,0,0,0,1,0,0,"- ","- ",,,ALAMEDA,OAKLAND,-122.27913665771484,37.813129425048828
9457736,2022,2022-06-09,0109,2022-02-11,1445,8347,1,5,5,7,0109,0,0,0,,0,10Y,"MARTIN LUTHER KING JR WY","53RD ST",0.00,,Y,A,-,N,,,,,,,,,,N,3,0,1,2,A,-,12,21453,A,N,D,G,A,A,H,-,A,A,0,,Y,,,Y,,-,"- ",0,1,0,0,0,0,1,0,0,"- ","- ",,,ALAMEDA,OAKLAND,-122.26924133300781,37.838016510009766
9458252,2022,2022-06-14,0109,2022-05-10,1250,9958,1,2,5,7,0109,0,0,0,,0,04X,"WEBSTER ST","15TH ST",0.00,,Y,A,-,N,,,,,,,,,,N,4,0,1,2,A,-,11,21453,D,M,G,B,B,A,H,-,A,A,0,Y,,,,Y,,N,60,0,0,1,0,1,0,0,0,0,"- ","- ",,,ALAMEDA,OAKLAND,-122.26814270019531,37.804428100585938
9458254,2022,2022-06-14,0109,2022-05-08,2148,9874,2,7,5,7,0109,0,0,0,,0,26X,"HIGH ST","INTERNATIONAL BL",0.00,,Y,A,-,N,,,,,,,,,,N,4,0,1,2,A,-,12,21453,A,M,A,B,B,A,H,-,B,A,0,Y,,,,Y,,A,01,0,0,1,0,1,0,0,0,0,"- ","- ",,,ALAMEDA,OAKLAND,-122.21482849121094,37.772350311279297
9465721,2022,2023-01-04,0109,2022-11-04,2118,10026,2,5,5,7,0109,0,0,0,,0,23X,"42ND AV","INTERNATIONAL BL",200.00,S,N,A,-,N,,,,,,,,,,N,4,0,1,2,A,-,11,21954,A,N,G,B,E,A,H,-,C,D,0,Y,,,,Y,,N,60,0,0,1,0,1,0,0,0,0,"- ","- ",,,ALAMEDA,OAKLAND,-122.21676635742188,37.772632598876953
9472561,2022,2022-07-22,0109,2022-02-18,1236,9689,1,5,5,7,0109,0,0,0,,0,08X,"27TH ST","TELEGRAPH AV",0.00,,Y,A,-,N,,,,,,,,,,N,4,0,1,2,A,-,10,21950,A,M,G,B,B,A,H,-,A,A,0,Y,,,,Y,,A,01,0,0,1,0,1,0,0,0,0,"- ","- ",,,ALAMEDA,OAKLAND,-122.26792144775391,37.816173553466797
9472566,2022,2022-07-21,0109,2022-02-24,1339,9949,1,4,5,7,0109,0,0,0,,0,08X,"34TH ST","34TH ST 327",0.00,,Y,A,-,N,,,,,,,,,,N,4,0,1,2,C,-,18,,,N,G,B,E,A,H,-,A,C,0,Y,,,,Y,,-,"- ",0,0,1,0,1,0,0,0,0,"- ","- ",,,ALAMEDA,OAKLAND,-122.28955841064453,37.824775695800781
9473872,2022,2022-08-29,0109,2022-07-07,1759,10010,1,4,5,7,0109,0,0,0,,0,16X,"PARK BL","LEIMERT BL",0.00,,Y,A,-,N,,,,,,,,,,N,2,0,1,2,A,-,10,21950,A,N,A,B,B,A,H,-,A,A,0,Y,,,,Y,,A,08,1,0,0,0,1,0,0,0,0,"- ","- ",,,ALAMEDA,OAKLAND,-122.21468353271484,37.812698364257812
9473979,2022,2022-08-24,0109,2022-06-11,1608,9881,1,6,5,7,0109,0,0,0,,0,09X,"PIEDMONT AV","YOSEMITE AV",0.00,,Y,A,-,N,,,,,,,,,,N,4,0,1,2,A,-,03,22350,,M,G,B,B,A,H,-,A,D,0,Y,,,,Y,,-,99,0,0,1,0,1,0,0,0,0,"- ","- ",,,ALAMEDA,OAKLAND,-122.25568389892578,37.823921203613281
9474647,2022,2022-07-06,0109,2022-01-18,2017,9913,1,2,5,7,0109,0,0,0,,0,20X,"FOOTHILL BL","27TH AV",8.00,W,N,A,-,N,,,,,,,,,,N,4,0,1,2,A,-,10,21950,A,N,A,B,B,A,H,-,B,D,0,Y,,,,Y,,A,01,0,0,1,0,1,0,0,0,0,"- ","- ",,,ALAMEDA,OAKLAND,-122.22793579101562,37.784530639648438
9477160,2022,2022-07-22,0109,2022-02-06,1230,8711,1,7,5,7,0109,0,0,0,,0,10X,"54TH ST","LOWELL ST",0.00,,Y,A,-,N,,,,,,,,,,N,4,0,1,2,A,-,12,22450,A,F,G,G,A,A,H,-,A,D,0,,Y,,,Y,,A,08,0,0,1,0,0,0,1,0,0,"- ","- ",,,ALAMEDA,OAKLAND,-122.276123046875,37.838592529296875
9482527,2022,2022-07-28,0109,2022-06-21,1346,9461,2,2,5,7,0109,0,0,0,,0,32X,"INTERNATIONAL BL","102ND AV",0.00,,Y,A,-,N,,,,,,,,,,N,4,0,1,2,A,-,08,22107,,M,D,G,A,A,H,-,A,D,0,,Y,,,Y,,A,01,0,0,1,0,0,0,1,0,0,"- ","- ",,,ALAMEDA,OAKLAND,-122.16838073730469,37.74151611328125
9492271,2022,2022-09-15,0109,2022-08-17,1210,8347,1,3,5,7,0109,0,0,0,,0,02X,"5TH ST","KIRKHAM ST",105.00,E,N,A,-,N,,,,,,,,,,N,4,0,1,2,A,-,21,22106,,N,G,B,F,A,H,-,A,D,0,Y,,,Y,Y,,F,27,0,0,1,0,1,0,0,0,0,"- ","- ",,,ALAMEDA,OAKLAND,-122.29238891601562,37.803489685058594
9497720,2022,2022-09-22,0109,2022-08-28,0819,9522,2,7,5,7,0109,0,0,0,,0,34X,"90TH AV","PLYMOUTH ST",50.00,S,N,A,-,N,,,,,,,,,,N,4,0,1,2,A,-,08,22108,,N,D,B,C,A,H,-,A,A,0,Y,,,,Y,,A,01,0,0,1,0,1,0,0,0,0,"- ","- ",,,ALAMEDA,OAKLAND,-122.17130279541016,37.751010894775391
9498286,2022,2022-10-13,0109,2022-08-24,1730,9924,1,3,5,7,0109,0,0,0,,0,03X,"10TH ST","FALLON ST",0.00,,Y,A,-,N,,,,,,,,,,N,4,0,1,2,A,-,09,21801,A,M,D,G,A,A,H,-,A,D,0,,Y,,,Y,,A,01,0,0,1,0,0,0,1,0,0,"- ","- ",,,ALAMEDA,OAKLAND,-122.26341247558594,37.797847747802734
9504706,2022,2022-10-25,0109,2022-07-16,2010,9960,1,6,5,7,0109,0,0,0,,0,06X,"36TH ST","WEST ST",0.00,,Y,F,-,N,,,,,,,,,,N,3,0,1,2,D,-,00,,,N,G,B,F,A,H,-,A,A,0,Y,,,,Y,,-,"- ",0,1,0,0,1,0,0,0,0,"- ","- ",,,ALAMEDA,OAKLAND,-122.27214050292969,37.825630187988281
9504712,2022,2022-10-26,0109,2022-07-19,0848,9924,1,2,5,7,0109,0,0,0,,0,04X,"14TH ST","JEFFERSON ST",0.00,,Y,A,-,N,,,,,,,,,,N,4,0,1,2,A,-,09,21801,A,M,B,G,A,A,H,-,A,A,0,,Y,,,Y,,A,01,0,0,1,0,0,0,1,0,0,"- ","- ",,,ALAMEDA,OAKLAND,-122.27479553222656,37.805740356445312
9516106,2022,2022-12-14,0109,2022-10-28,1953,9929,1,5,5,7,0109,0,0,0,,0,02X,"FILBERT ST","7TH ST",15.00,N,N,A,-,N,,,,,,,,,,N,3,0,1,2,A,-,11,21954,A,N,G,B,E,A,H,-,C,D,0,Y,,,,Y,Y,N,60,0,1,0,0,1,0,0,0,0,"- ","- ",,,ALAMEDA,OAKLAND,-122.28501129150391,37.803138732910156
9516603,2022,2022-12-27,0109,2022-11-29,1824,8585,2,2,5,7,0109,0,0,0,,0,24X,"FOOTHILL BL","38TH AV",4.00,W,N,A,-,N,,,,,,,,,,N,3,0,1,4,A,-,10,21950,A,F,B,-,B,A,H,-,C,A,0,Y,,,,Y,,D,22,0,1,0,0,1,0,0,0,0,"- ","- ",,,ALAMEDA,OAKLAND,-122.21670532226562,37.779029846191406
9516691,2022,2022-12-13,0109,2022-10-26,1530,9929,1,3,5,7,0109,0,0,0,,0,04X,BROADWAY,"20TH ST",0.00,,Y,A,-,N,,,,,,,,,,N,3,0,1,2,A,-,10,21950,A,N,G,B,B,A,H,-,A,A,0,Y,,,,Y,,A,01,0,1,0,0,1,0,0,0,0,"- ","- ",,,ALAMEDA,OAKLAND,-122.26823425292969,37.809055328369141
9518996,2022,2023-02-02,0109,2022-11-04,0756,9996,1,5,5,7,0109,0,0,0,,0,04X,"LAKESIDE DR","HARRISON ST",0.00,,Y,A,-,N,,,,,,,,,,N,3,0,1,2,A,-,12,22450,A,N,G,G,A,A,H,-,A,A,0,,Y,,,Y,,A,01,0,1,0,0,0,0,1,0,0,"- ","- ",,,ALAMEDA,OAKLAND,-122.26361846923828,37.808433532714844
9520894,2022,2023-08-29,0109,2022-06-16,2021,9372,1,4,5,7,0109,0,0,0,,0,04X,"14TH ST","JEFFERSON BL",0.00,,Y,A,-,N,,,,,,,,,,N,1,1,0,2,A,-,12,21453,A,F,H,G,A,A,H,-,A,A,0,,Y,,,Y,,A,01,0,0,0,0,0,1,0,0,0,"- ","- ",,,ALAMEDA,OAKLAND,-122.27479553222656,37.805740356445312
9523450,2022,2022-11-18,0109,2022-03-13,0054,9905,1,7,5,7,0109,0,0,0,,0,04X,"GRAND AV",BROADWAY,0.00,,Y,C,-,N,,,,,,,,,,Y,2,0,1,2,D,-,00,,,F,A,B,D,B,H,-,C,A,0,Y,,,,Y,,-,"- ",1,0,0,0,1,0,0,0,0,"- ","- ",,,ALAMEDA,OAKLAND,-122.26671600341797,37.811492919921875
9523541,2022,2022-11-30,0109,2022-10-05,1628,9242,1,3,5,7,0109,0,0,0,,0,16X,"TRESTLE GLEN RD","WESLEY AV",15.00,W,N,A,-,N,,,,,,,,,,N,2,0,1,2,A,-,10,21950,A,N,D,B,B,A,H,-,A,A,0,Y,,,,Y,,A,01,1,0,0,0,1,0,0,0,0,"- ","- ",,,ALAMEDA,OAKLAND,-122.24295043945312,37.810741424560547
9523545,2022,2022-12-01,0109,2022-10-03,1056,9951,1,1,5,7,0109,0,0,0,,0,04X,"THOMAS L BERKLEY WY","SAN PABLO AV",0.00,,Y,A,-,N,,,,,,,,,,N,3,0,1,2,A,-,11,21456,B,N,G,B,B,A,H,-,A,A,0,Y,,,,Y,,N,60,0,1,0,0,1,0,0,0,0,"- ","- ",,,ALAMEDA,OAKLAND,-122.27320098876953,37.810150146484375
9524689,2022,2022-12-08,0109,2022-10-19,2014,8824,2,3,5,7,0109,0,0,0,,0,26X,"51ST AV","INTERNATIONAL BL",40.00,S,N,A,-,N,,,,,,,,,,N,4,0,1,2,A,-,09,21804,A,N,H,G,A,A,H,-,C,B,0,,Y,,,Y,,A,01,0,0,1,0,0,0,1,0,0,"- ","- ",,,ALAMEDA,OAKLAND,-122.20799255371094,37.768867492675781
9525520,2022,2023-02-02,0109,2022-12-31,2027,9860,1,6,5,7,0109,0,0,0,,0,04X,"17TH ST","BRUSH ST",0.00,,Y,-,-,N,,,,,,,,,,N,4,0,1,2,A,-,08,22107,,N,B,G,A,B,-,-,C,A,0,,Y,,,Y,,A,01,0,0,1,0,0,0,1,0,0,"- ","- ",,,ALAMEDA,OAKLAND,-122.27710723876953,37.809169769287109
9527569,2022,2023-02-21,0109,2022-09-23,0741,10025,1,5,5,7,0109,0,0,0,,0,19X,EMBARCADERO,"LIVINGSTON ST",0.00,,Y,A,-,N,,,,,,,,,,N,3,0,1,2,A,-,09,21802,A,N,D,G,A,A,H,-,A,A,0,,Y,,,Y,,A,08,0,1,0,0,0,0,1,0,0,"- ","- ",,,ALAMEDA,OAKLAND,-122.24272918701172,37.780666351318359
9528472,2022,2022-11-16,0109,2022-10-25,0640,9381,2,2,5,7,0109,0,0,0,,0,28X,"FOOTHILL BL","55TH AV",0.00,,Y,A,-,N,,,,,,,,,,N,4,0,1,2,A,-,10,21950,A,F,G,B,B,A,H,-,C,A,0,Y,,,,Y,,A,01,0,0,1,0,1,0,0,0,0,"- ","- ",,,ALAMEDA,OAKLAND,-122.19591522216797,37.772567749023438
9529267,2021,2022-11-17,0109,2021-07-09,1508,9182,2,5,5,7,0109,0,0,0,,0,27X,"55TH AV","FOOTHILL BL",10.00,S,N,A,-,N,,,,,,,,,,N,3,0,1,2,A,-,12,21453,A,F,G,B,C,A,H,-,A,A,0,Y,,,,Y,,A,01,0,1,0,0,1,0,0,0,0,"- ","- ",,,ALAMEDA,OAKLAND,-122.19593811035156,37.772552490234375
9529404,2022,2022-12-21,0109,2022-05-28,2121,9582,2,6,5,7,0109,0,0,0,,0,26X,"HAWLEY ST","71ST AV",0.00,,Y,A,-,N,,,,,,,,,,N,4,0,1,4,A,-,09,21802,A,N,D,C,F,A,H,-,C,A,0,Y,,,,Y,,A,01,0,0,1,0,1,0,0,0,0,"- ","- ",,,ALAMEDA,OAKLAND,-122.19538879394531,37.755657196044922
9538511,2022,2023-02-02,0109,2022-12-08,1643,9182,2,4,5,7,0109,0,0,0,,0,23X,"39TH AV","E 12TH ST",0.00,,Y,B,C,N,,,,,,,,,,N,4,0,1,2,A,-,10,21950,A,N,H,B,B,B,H,-,B,D,0,Y,,,,Y,,A,01,0,0,1,0,1,0,0,0,0,"- ","- ",,,ALAMEDA,OAKLAND,-122.21990966796875,37.773197174072266
9539301,2022,2023-02-04,0109,2022-12-30,1112,9607,2,5,5,7,0109,0,0,0,,0,23X,"36TH AV","E 16TH ST",0.00,,Y,C,-,N,,,,,,,,,,N,4,0,1,2,A,-,10,21950,A,N,G,B,B,B,-,-,A,D,0,Y,,,,Y,,A,01,0,0,1,0,1,0,0,0,0,"- ","- ",,,ALAMEDA,OAKLAND,-122.22052001953125,37.778003692626953
9539312,2022,2023-02-04,0109,2022-12-12,1738,9845,1,1,5,7,0109,0,0,0,,0,02Y,"JACKSON ST","12TH ST",0.00,,Y,A,-,N,,,,,,,,,,N,4,0,1,2,A,-,10,21950,A,N,B,B,-,A,H,-,B,A,0,Y,,,,Y,,A,01,0,0,1,0,1,0,0,0,0,"- ","- ",,,ALAMEDA,OAKLAND,-122.26609039306641,37.800601959228516