CASE_ID,ACCIDENT_YEAR,PROC_DATE,JURIS,COLLISION_DATE,COLLISION_TIME,OFFICER_ID,REPORTING_DISTRICT,DAY_OF_WEEK,CHP_SHIFT,POPULATION,CNTY_CITY_LOC,SPECIAL_COND,BEAT_TYPE,CHP_BEAT_TYPE,CITY_DIVISION_LAPD,CHP_BEAT_CLASS,BEAT_NUMBER,PRIMARY_RD,SECONDARY_RD,DISTANCE,DIRECTION,INTERSECTION,WEATHER_1,WEATHER_2,STATE_HWY_IND,CALTRANS_COUNTY,CALTRANS_DISTRICT,STATE_ROUTE,ROUTE_SUFFIX,POSTMILE_PREFIX,POSTMILE,LOCATION_TYPE,RAMP_INTERSECTION,SIDE_OF_HWY,TOW_AWAY,COLLISION_SEVERITY,NUMBER_KILLED,NUMBER_INJURED,PARTY_COUNT,PRIMARY_COLL_FACTOR,PCF_CODE_OF_VIOL,PCF_VIOL_CATEGORY,PCF_VIOLATION,PCF_VIOL_SUBSECTION,HIT_AND_RUN,TYPE_OF_COLLISION,MVIW,PED_ACTION,ROAD_SURFACE,ROAD_COND_1,ROAD_COND_2,LIGHTING,CONTROL_DEVICE,CHP_ROAD_TYPE,PEDESTRIAN_ACCIDENT,BICYCLE_ACCIDENT,MOTORCYCLE_ACCIDENT,TRUCK_ACCIDENT,NOT_PRIVATE_PROPERTY,ALCOHOL_INVOLVED,STWD_VEHTYPE_AT_FAULT,CHP_VEHTYPE_AT_FAULT,COUNT_SEVERE_INJ,COUNT_VISIBLE_INJ,COUNT_COMPLAINT_PAIN,COUNT_PED_KILLED,COUNT_PED_INJURED,COUNT_BICYCLIST_KILLED,COUNT_BICYCLIST_INJURED,COUNT_MC_KILLED,COUNT_MC_INJURED,PRIMARY_RAMP,SECONDARY_RAMP,LATITUDE,LONGITUDE,COUNTY,CITY,POINT_X,POINT_Y
91725103,2022,2022-03-17,9370,2022-02-25,2330,022611,,5,3,7,0109,0,1,1,,2,176,"I-880 S/B","HEGENBERGER RD",2004.00,N,N,A,-,Y,,,880,,,,,,S,N,2,0,1,2,A,-,11,21954,A,F,G,B,E,A,H,-,D,D,0,Y,,,,Y,,N,60,1,0,0,0,1,0,0,0,0,"- ","- ",37.7452392578125,-122.20066833496094,ALAMEDA,OAKLAND,-122.20072174072266,37.745197296142578
9177166,2020,2020-11-03,0109,2020-05-22,1155,9742,1,5,5,7,0109,0,0,0,,0,07X,"MANDELA PKWY","24TH ST",200.00,N,N,A,-,N,,,,,,,,,,N,4,0,1,2,A,-,21,22106,,N,C,B,F,A,H,-,A,D,0,Y,,,,Y,,A,01,0,0,1,0,1,0,0,0,0,"- ","- ",,,ALAMEDA,OAKLAND,-122.28944396972656,37.818698883056641
91772620,2022,2022-05-16,9370,2022-05-09,1955,022821,,1,2,7,0109,0,1,1,,2,054,"I-580 W/B","LAKESHORE AVE",60.00,E,N,A,-,Y,,,580,,,,,,W,N,2,0,1,2,A,-,11,21954,A,N,G,B,E,A,H,-,A,D,0,Y,,,,Y,,N,60,1,0,0,0,1,0,0,0,0,"- ","- ",37.809791564941406,-122.24609375,ALAMEDA,OAKLAND,-122.24610900878906,37.809726715087891
9178217,2020,2020-12-08,0109,2020-10-23,1635,9814,2,5,5,7,0109,0,0,0,,0,26X,"65TH AV","INTERNATIONAL BL",10.00,S,N,A,-,N,,,,,,,,,,N,4,0,1,2,A,-,10,21950,A,N,G,B,B,A,H,-,A,A,0,Y,,,,Y,,A,07,0,0,1,0,1,0,0,0,0,"- ","- ",,,ALAMEDA,OAKLAND,-122.19458770751953,37.762760162353516
9178332,2020,2021-01-21,0109,2020-10-16,2306,9812,1,5,5,7,0109,0,0,0,,0,05X,"WEST ST","22ND ST",0.00,,Y,A,-,N,,,,,,,,,,N,4,0,1,2,A,-,06,21750,,M,C,G,A,A,H,-,A,A,0,,Y,,,Y,,A,01,0,0,1,0,0,0,1,0,0,"- ","- ",,,ALAMEDA,OAKLAND,-122.27622222900391,37.812820434570312
9178333,2020,2021-01-21,0109,2020-10-15,0000,8051,1,4,5,7,0109,0,0,0,,0,04X,"W GRAND AV","SAN PABLO",0.00,,Y,A,-,N,,,,,,,,,,N,3,0,1,2,A,-,12,21453,A,F,D,G,A,A,H,-,B,A,0,,Y,,,Y,Y,A,01,0,1,0,0,0,0,1,0,0,"- ","- ",,,ALAMEDA,OAKLAND,-122.2740478515625,37.812820434570312
9178360,2020,2021-01-09,0109,2020-10-05,0958,9394,1,1,5,7,0109,0,0,0,,0,03X,"JACKSON ST","12TH ST",0.00,,Y,A,-,N,,,,,,,,,,N,3,0,1,2,A,-,10,21950,A,N,G,B,B,A,H,-,A,A,0,Y,,,,Y,,A,01,0,1,0,0,1,0,0,0,0,"- ","- ",,,ALAMEDA,OAKLAND,-122.26609039306641,37.80059814453125
91812688,2022,2022-07-08,9370,2022-05-20,0223,022859,,5,3,7,0109,0,1,1,,2,055,"I-580 E/B TO WEST MACARTHUR BOULEVARD","PERALTA STREET",615.00,W,N,A,-,Y,,,580,,,,R,,E,N,2,0,1,2,A,-,11,21954,A,N,G,B,E,A,H,-,D,D,0,Y,,,,Y,,N,60,1,0,0,0,1,0,0,0,0,"- ","- ",37.827770233154297,-122.2825927734375,ALAMEDA,OAKLAND,-122.2825927734375,37.827770233154297
9181622,2020,2021-02-02,0109,2020-11-03,1525,9394,1,2,5,7,0109,0,0,0,,0,02X,"14TH ST","MARKET ST",0.00,,Y,A,-,N,,,,,,,,,,N,3,0,1,2,A,-,10,21950,A,N,G,B,B,A,H,-,A,A,0,Y,,,,Y,,D,22,0,1,0,0,1,0,0,0,0,"- ","- ",,,ALAMEDA,OAKLAND,-122.28096008300781,37.808181762695312
9182290,2020,2020-11-20,0109,2020-09-21,1656,9887,2,1,5,7,0109,0,0,0,,0,23X,"INTERNATIONAL BL","40TH AV",0.00,,Y,A,-,N,,,,,,,,,,N,4,0,1,2,A,-,08,22107,,M,G,G,A,A,H,-,A,A,0,,Y,,,Y,,A,01,0,0,1,0,0,0,1,0,0,"- ","- ",,,ALAMEDA,OAKLAND,-122.21811676025391,37.773918151855469
9182341,2020,2020-12-24,0109,2020-10-06,0820,8257,2,2,5,7,0109,0,0,0,,0,32Y,"106TH AV","BANCROFT AV",8.00,N,N,A,-,N,,,,,,,,,,N,4,0,1,2,A,-,21,22106,,N,G,B,E,A,H,-,A,D,0,Y,,,,Y,,A,01,0,0,1,0,1,0,0,0,0,"- ","- ",,,ALAMEDA,OAKLAND,-122.15685272216797,37.741546630859375
9182455,2019,2020-11-18,0109,2019-08-01,1834,8410,1,4,5,7,0109,0,0,0,,0,05X,"16TH ST","BRUSH ST",20.00,W,N,A,-,N,,,,,,,,,,N,4,0,1,2,A,-,10,21950,A,N,G,B,D,A,H,-,A,D,0,Y,,,,Y,,N,60,0,0,1,0,1,0,0,0,0,"- ","- ",,,ALAMEDA,OAKLAND,-122.2777099609375,37.808567047119141
9182457,2020,2020-11-18,0109,2020-08-10,1745,9305,2,1,5,7,0109,0,0,0,,0,35X,"BANCROFT AV","82ND AV",0.00,,Y,A,-,N,,,,,,,,,,N,4,0,1,3,A,-,17,21209,A,M,A,C,A,A,H,-,A,A,0,,Y,,,Y,,A,01,0,0,1,0,0,0,1,0,0,"- ","- ",,,ALAMEDA,OAKLAND,-122.17059326171875,37.759990692138672
9183964,2020,2021-01-19,0109,2020-11-12,0721,8089,1,4,5,7,0109,0,0,0,,0,03X,"7TH ST","FRANKLIN ST",3.00,W,N,A,-,N,,,,,,,,,,N,3,0,1,2,A,-,12,21453,A,N,G,B,B,A,H,-,A,A,0,Y,,,,Y,,D,22,0,1,0,0,1,0,0,0,0,"- ","- ",,,ALAMEDA,OAKLAND,-122.27298736572266,37.799022674560547
9184994,2020,2021-01-04,0109,2020-10-25,1431,9339,2,7,5,7,0109,0,0,0,,0,34X,"88TH AV","HOLLY ST",25.00,N,N,A,-,N,,,,,,,,,,N,4,0,1,2,A,-,11,21954,A,N,G,B,E,A,H,-,A,D,0,Y,,,,Y,,N,60,0,0,1,0,1,0,0,0,0,"- ","- ",,,ALAMEDA,OAKLAND,-122.17373657226562,37.751804351806641
9185422,2020,2020-12-11,0109,2020-09-14,1824,9918,1,1,5,7,0109,0,0,0,,0,13X,BROADWAY,"PLEASANT VALLEY AV",500.00,N,N,A,-,N,,,,,,,,,,N,4,0,1,2,A,-,10,21950,A,N,G,B,D,A,H,-,A,D,0,Y,,,,Y,,A,01,0,0,1,0,1,0,0,0,0,"- ","- ",,,ALAMEDA,OAKLAND,-122.2515869140625,37.835578918457031
9185429,2020,2020-12-11,0109,2020-09-26,0835,9732,1,6,5,7,0109,0,0,0,,0,01X,"WATER ST","CLAY ST",0.00,,Y,A,-,N,,,,,,,,,,N,3,0,1,2,A,-,08,22107,,M,G,B,E,A,H,-,A,D,0,Y,,,,Y,,-,99,0,1,0,0,1,0,0,0,0,"- ","- ",,,ALAMEDA,OAKLAND,-122.27951049804688,37.795688629150391
9188663,2020,2020-12-08,0109,2020-10-21,0937,8658,2,3,5,7,0109,0,0,0,,0,05Y,"MARITIME ST","ADMIRAL ROBERT TONEY WY",3.00,S,N,A,-,N,,,,,,,,,,N,4,0,1,2,A,-,12,21453,A,N,D,G,A,A,H,-,A,A,0,,Y,,,Y,,-,"- ",0,0,1,0,0,0,1,0,0,"- ","- ",,,ALAMEDA,OAKLAND,-122.30220794677734,37.82098388671875
9189408,2020,2020-12-15,0109,2020-09-12,2014,9678,2,6,5,7,0109,0,0,0,,0,35X,"MACARTHUR BL","88TH AV",400.00,W,N,A,-,N,,,,,,,,,,N,4,0,1,2,A,-,11,21954,A,N,A,B,E,A,H,-,C,A,0,Y,,,,Y,,N,60,0,0,1,0,1,0,0,0,0,"- ","- ",,,ALAMEDA,OAKLAND,-122.16234588623047,37.758296966552734
9189409,2020,2020-12-15,0109,2020-09-16,1301,9891,2,3,5,7,0109,0,0,0,,0,27Y,"INTERNATIONAL BL","47TH AV",95.00,W,N,A,-,N,,,,,,,,,,N,3,0,1,2,A,-,17,22517,,N,H,G,A,A,H,-,A,D,0,,Y,,,Y,,A,01,0,1,0,0,0,0,1,0,0,"- ","- ",,,ALAMEDA,OAKLAND,-122.2113037109375,37.77069091796875
91894640,2022,2022-10-19,9370,2022-09-07,1800,022941,,3,2,7,0109,0,1,3,,2,025,"SR-24 W/B FROM 51ST STREET","SHATTUCK AVE",229.00,W,N,A,-,Y,,,24,,,,R,,W,N,2,0,1,2,A,-,11,21954,A,N,G,B,A,A,H,-,A,D,0,,Y,,,Y,,L,04,1,0,0,0,0,0,1,0,0,"- ","- ",37.837921142578125,-122.26502227783203,ALAMEDA,OAKLAND,-122.26502227783203,37.837921142578125
91895624,2022,2022-10-20,9370,2022-08-02,2311,022648,,2,3,7,0109,0,1,1,,2,176,"I-880 S/B","HEGENBERGER ROAD",180.00,S,N,A,-,Y,,,880,,,,,,S,Y,1,1,1,2,A,-,11,21954,A,N,G,B,E,A,H,-,C,D,0,Y,,,,Y,,N,60,0,1,0,1,0,0,0,0,0,"- ","- ",37.74053955078125,-122.19609832763672,ALAMEDA,OAKLAND,-122.19638824462891,37.740287780761719
9191537,2020,2021-01-30,0109,2020-11-15,1622,9582,2,7,5,7,0109,0,0,0,,0,26X,"INTERNATIONAL BL","HIGH ST",0.00,,Y,A,-,N,,,,,,,,,,N,4,0,2,3,A,-,10,21950,A,N,G,B,B,A,H,-,B,A,0,Y,,,,Y,,A,01,0,0,2,0,2,0,0,0,0,"- ","- ",,,ALAMEDA,OAKLAND,-122.21482849121094,37.772350311279297
9195460,2020,2021-02-23,0109,2020-12-19,1832,9812,1,6,5,7,0109,0,0,0,,0,06X,"40TH ST","MARTIN LUTHER KING JR WY",700.00,W,N,A,-,N,,,,,,,,,,N,3,0,1,2,-,-,"- ",,,N,B,G,A,A,H,-,C,C,0,,Y,,,Y,,L,04,0,1,0,0,0,0,1,0,0,"- ","- ",,,ALAMEDA,OAKLAND,-122.27080535888672,37.830142974853516
91960616,2022,2023-01-05,9370,2022-11-12,0540,022856,,6,3,7,0109,0,1,1,,2,008,"I-80 E/B","POWELL STREET",3925.00,W,N,A,-,Y,,,80,,,,,,E,Y,3,0,1,3,A,-,03,22350,,N,D,2,E,B,H,-,D,D,0,Y,,,,Y,,D,22,0,1,0,0,1,0,0,0,0,"- ","- ",37.827610015869141,-122.29488372802734,ALAMEDA,OAKLAND,-122.29489898681641,37.827644348144531
9197138,2020,2020-12-24,0109,2020-10-22,1451,9197,1,4,5,7,0109,0,0,0,,0,14X,"GRAND AV","PERKINS ST",0.00,,Y,A,-,N,,,,,,,,,,N,3,0,1,2,A,-,12,21453,A,N,D,G,A,A,H,-,A,A,0,,Y,,,Y,,-,"- ",0,1,0,0,0,0,1,0,0,"- ","- ",,,ALAMEDA,OAKLAND,-122.25611877441406,37.808948516845703
9199236,2020,2020-12-30,0109,2020-08-02,2038,9127,1,7,5,7,0109,0,0,0,,0,04X,"TELEGRAPH AV","16TH ST",50.00,S,N,A,-,N,,,,,,,,,,N,3,0,1,2,A,-,11,21954,A,N,B,B,D,A,H,-,C,A,0,Y,,,,Y,,N,60,0,1,0,0,1,0,0,0,0,"- ","- ",,,ALAMEDA,OAKLAND,-122.27046966552734,37.805953979492188
9199380,2020,2021-01-12,0109,2020-10-26,2205,9864,1,1,5,7,0109,0,0,0,,0,08X,"23RD ST","MARTIN LUTHER KING JR",0.00,,-,A,-,N,,,,,,,,,,N,4,0,1,2,D,-,00,,,M,G,B,D,A,H,-,D,A,0,Y,,,,Y,,-,"- ",0,0,1,0,1,0,0,0,0,"- ","- ",,,ALAMEDA,OAKLAND,-122.27255249023438,37.813259124755859
9199857,2020,2020-12-28,0109,2020-09-26,1300,9670,1,6,5,7,0109,0,0,0,,0,14X,"GRAND AV","EUCLID AV",10.00,W,N,A,-,N,,,,,,,,,,N,4,0,1,2,A,-,17,22517,,M,H,G,A,A,-,-,A,A,0,,Y,,,Y,Y,A,01,0,0,1,0,0,0,1,0,0,"- ","- ",,,ALAMEDA,OAKLAND,-122.25172424316406,37.808574676513672
9200980,2020,2021-02-18,0109,2020-12-13,1716,9913,1,7,5,7,0109,0,0,0,,0,02X,"BRUSH ST","5TH ST",0.00,,Y,A,-,N,,,,,,,,,,N,4,0,1,2,A,-,10,21950,A,N,G,B,D,B,H,-,C,A,0,Y,,,,Y,,A,01,0,0,1,0,1,0,0,0,0,"- ","- ",,,ALAMEDA,OAKLAND,-122.28220367431641,37.800918579101562
9201866,2020,2021-01-22,0109,2020-11-14,0017,9754,1,6,5,7,0109,0,0,0,,0,06X,"WEST MACARTHUR BL","WEST ST",0.00,,Y,C,-,N,,,,,,,,,,N,4,0,1,2,A,-,08,22107,,N,G,B,F,B,H,-,C,A,0,Y,,,,Y,,-,99,0,0,1,0,1,0,0,0,0,"- ","- ",,,ALAMEDA,OAKLAND,-122.27168273925781,37.827529907226562
9203212,2020,2021-01-05,0109,2020-05-29,1727,9210,1,5,5,7,0109,0,0,0,,0,15X,"LAKESHORE AV","BODEN WY",225.00,S,N,A,-,N,,,,,,,,,,N,4,0,1,2,A,-,08,22107,,N,B,G,A,A,H,-,A,D,0,,Y,,,Y,,A,01,0,0,1,0,0,0,1,0,0,"- ","- ",,,ALAMEDA,OAKLAND,-122.24977874755859,37.806976318359375
92061287,2022,2023-05-04,9335,2022-10-03,0237,022860,,1,3,7,0109,0,1,1,,2,084,"I-80 E/B (DWIGHT D. EISENHOWER HIGHWAY)","SAN FRANCISCO/ALEMEDA COUNTY LINE",4738.00,E,N,A,-,Y,,,80,,,,,,E,Y,1,1,1,3,A,-,03,22350,,N,C,E,E,A,H,-,C,D,0,Y,,,,Y,,A,01,0,1,0,1,0,0,0,0,0,"- ","- ",37.821090698242188,-122.33351135253906,ALAMEDA,OAKLAND,-122.33352661132812,37.821182250976562
9207629,2020,2021-02-01,0109,2020-07-30,1213,9149,1,4,5,7,0109,0,0,0,,0,03X,"9TH ST","HARRISON ST",0.00,,Y,A,-,N,,,,,,,,,,N,3,0,1,2,A,-,10,21950,A,M,A,B,B,A,H,-,A,A,0,Y,Y,,,Y,,L,04,0,1,0,0,1,0,0,0,0,"- ","- ",,,ALAMEDA,OAKLAND,-122.26975250244141,37.799468994140625
9207976,2020,2021-01-26,0109,2020-03-26,0847,8862,2,4,5,7,0109,0,0,0,,0,14X,"GRAND AV","BAY PL",99.00,W,N,B,-,N,,,,,,,,,,N,4,0,1,2,A,-,08,22107,,N,D,G,A,A,H,-,A,D,0,,Y,,,Y,,L,04,0,0,1,0,0,0,1,0,0,"- ","- ",,,ALAMEDA,OAKLAND,-122.2608642578125,37.810642242431641
92091714,2022,2023-06-12,9370,2022-09-03,2114,022854,,6,2,7,0109,0,1,1,,2,098,"I-980 E/B TO I-580 W/B","WEST STREET",300.00,W,N,A,-,Y,,,,,,,,,,Y,1,1,1,2,A,-,11,21954,A,N,G,B,E,A,H,-,D,D,0,Y,,,,Y,,N,60,0,1,0,1,0,0,0,0,0,"- ","- ",37.825168609619141,-122.27111053466797,ALAMEDA,OAKLAND,,
9210091,2020,2021-01-12,0109,2020-10-31,1635,9259,2,6,5,7,0109,0,0,0,,0,26X,"SAN LEANDRO ST","54TH AV",30.00,E,N,A,-,N,,,,,,,,,,N,4,0,1,2,A,-,03,22350,,M,G,B,E,A,H,-,A,D,0,Y,,,,Y,,-,99,0,0,1,0,1,0,0,0,0,"- ","- ",,,ALAMEDA,OAKLAND,-122.20956420898438,37.76422119140625
9210125,2020,2021-01-15,0109,2020-10-31,1227,9917,1,6,5,7,0109,0,0,0,,0,21Y,"ARKANSAS ST","LAUREL ST",361.00,E,N,A,-,N,,,,,,,,,,N,3,0,1,2,A,-,05,21650,1,M,H,G,A,A,H,-,A,D,0,,Y,,,Y,,L,04,0,1,0,0,0,0,1,0,0,"- ","- ",,,ALAMEDA,OAKLAND,-122.20553588867188,37.793025970458984
9216933,2020,2021-02-09,0109,2020-11-11,1739,8959,1,3,5,7,0109,0,0,0,,0,21X,"FRUITVALE AV","BROOKDALE AV",10.00,S,N,A,-,N,,,,,,,,,,N,3,0,1,2,A,-,10,21950,A,N,G,B,B,A,-,-,C,D,0,Y,,,,Y,,A,01,0,1,0,0,1,0,0,0,0,"- ","- ",,,ALAMEDA,OAKLAND,-122.21906280517578,37.793033599853516
9216982,2020,2021-02-09,0109,2020-12-08,1725,9749,1,2,5,7,0109,0,0,0,,0,10X,"ADELINE ST","55TH ST",0.00,,Y,A,-,N,,,,,,,,,,N,4,0,1,2,A,-,10,21950,A,N,G,B,B,A,H,-,C,A,0,Y,,,,Y,,A,01,0,0,1,0,1,0,0,0,0,"- ","- ",,,ALAMEDA,OAKLAND,-122.27526092529297,37.839099884033203
9216983,2020,2021-02-12,0109,2020-12-10,1557,9480,1,4,5,7,0109,0,0,0,,0,06X,"MLKJ WY","W GRAND AV",75.00,N,N,A,-,N,,,,,,,,,,N,4,0,2,3,C,-,18,,,N,E,B,F,A,H,-,A,A,0,Y,,,,Y,,-,"- ",0,0,2,0,1,0,0,0,0,"- ","- ",,,ALAMEDA,OAKLAND,-122.27266693115234,37.812816619873047
9216984,2020,2021-02-09,0109,2020-12-10,0722,9372,2,4,5,7,0109,0,0,0,,0,27X,"HIGH ST","BOND ST",0.00,,Y,A,-,N,,,,,,,,,,N,4,0,1,2,A,-,10,21950,A,N,G,B,B,A,H,-,A,A,0,Y,,,,Y,,A,01,0,0,1,0,1,0,0,0,0,"- ","- ",,,ALAMEDA,OAKLAND,-122.21250915527344,37.77410888671875
9224192,2020,2021-03-03,0109,2020-11-15,1703,9895,2,7,5,7,0109,0,0,0,,0,33X,"D ST","ELMHURST AV",200.00,E,N,A,-,N,,,,,,,,,,N,4,0,1,4,A,-,21,22106,,M,C,C,-,A,H,-,A,D,0,Y,,,,Y,Y,-,99,0,0,1,0,1,0,0,0,0,"- ","- ",,,ALAMEDA,OAKLAND,-122.17659759521484,37.743137359619141
9229629,2020,2021-03-22,0109,2020-12-06,1048,9401,1,7,5,7,0109,0,0,0,,0,20X,"52ND ST","MARTIN LUTHER KING JR WY",0.00,,Y,A,-,N,,,,,,,,,,N,3,0,1,2,A,-,12,21453,A,M,D,G,A,A,H,-,A,A,0,,Y,,,Y,,L,04,0,1,0,0,0,0,1,0,0,"- ","- ",,,ALAMEDA,OAKLAND,-122.26869964599609,37.837188720703125
9230043,2020,2021-03-16,0109,2020-12-17,1615,9836,2,4,5,7,0109,0,0,0,,0,27Y,"SEMINARY AV","SEMINARY CT",0.00,,Y,A,-,N,,,,,,,,,,N,3,0,1,2,A,-,08,22107,,N,D,G,A,A,H,-,A,D,0,,Y,,,Y,,A,07,0,1,0,0,0,0,1,0,0,"- ","- ",,,ALAMEDA,OAKLAND,-122.19338989257812,37.769428253173828
9230903,2020,2021-03-09,0109,2020-10-25,1407,9536,1,7,5,7,0109,0,0,0,,0,06X,"36TH ST","MARKET ST",0.00,,Y,A,-,N,,,,,,,,,,N,3,0,1,2,A,-,12,21453,A,N,D,G,A,A,-,-,A,A,0,,Y,,,Y,,L,04,0,1,0,0,0,0,1,0,0,"- ","- ",,,ALAMEDA,OAKLAND,-122.27503967285156,37.826248168945312
9232698,2020,2021-02-26,0109,2020-12-09,2310,9833,2,3,5,7,0109,0,0,0,,0,30X,"HALLIDAY AV","73RD AV",75.00,W,N,A,-,N,,,,,,,,,,N,3,0,1,2,A,-,08,22107,,F,G,B,D,A,H,-,C,D,0,Y,,,,Y,,A,01,0,1,0,0,1,0,0,0,0,"- ","- ",,,ALAMEDA,OAKLAND,-122.17767333984375,37.765251159667969
9232702,2020,2021-02-26,0109,2020-10-21,2345,9867,1,3,5,7,0109,0,0,0,,0,10X,"STANFORD AV","59TH ST",10.00,S,N,A,-,N,,,,,,,,,,N,2,0,1,2,D,-,00,,,F,G,B,B,A,H,-,D,D,0,Y,,,,Y,Y,-,"- ",1,0,0,0,1,0,0,0,0,"- ","- ",,,ALAMEDA,OAKLAND,-122.27893829345703,37.842746734619141
9232706,2020,2021-02-26,0109,2020-11-19,1609,9848,2,4,5,7,0109,0,0,0,,0,31Y,"85TH AV","ENTERPRISE WY",90.00,N,N,A,-,N,,,,,,,,,,N,4,0,1,2,A,-,10,21954,B,F,B,B,E,A,H,-,A,D,0,Y,,,,Y,,-,,0,0,1,0,1,0,0,0,0,"- ","- ",,,ALAMEDA,OAKLAND,-122.19187164306641,37.742092132568359
9232711,2020,2021-02-26,0109,2020-11-16,1239,9400,1,1,5,7,0109,0,0,0,,0,11X,"55TH ST","DOVER ST",0.00,,Y,A,-,N,,,,,,,,,,N,3,0,1,2,A,-,10,21950,A,N,A,B,B,A,H,-,A,D,0,Y,,,,Y,,A,01,0,1,0,0,1,0,0,0,0,"- ","- ",,,ALAMEDA,OAKLAND,-122.26718902587891,37.840110778808594
9234097,2020,2021-02-26,0109,2020-12-24,2110,9781,1,4,5,7,0109,0,0,0,,0,08X,"TELEGRAPH AV","24TH ST",94.00,N,N,A,-,N,,,,,,,,,,N,3,0,1,2,A,-,11,21955,,N,A,B,D,A,H,-,C,D,0,Y,,,,Y,,N,60,0,1,0,0,1,0,0,0,0,"- ","- ",,,ALAMEDA,OAKLAND,-122.26853179931641,37.813694000244141
9234905,2020,2021-03-08,0109,2020-09-01,1250,8881,1,2,5,7,0109,0,0,0,,0,12X,"42ND ST","TELEGRAPH AV",0.00,,Y,A,-,N,,,,,,,,,,N,4,0,1,2,D,-,00,,,N,D,G,A,A,H,-,A,A,0,,Y,,,Y,,-,"- ",0,0,1,0,0,0,1,0,0,"- ","- ",,,ALAMEDA,OAKLAND,-122.26399230957031,37.830848693847656
9236397,2020,2021-03-06,0109,2020-09-02,1310,9822,1,3,5,7,0109,0,0,0,,0,22X,"JORDAN RD","REDWOOD RD",0.00,,Y,A,-,N,,,,,,,,,,N,2,0,1,2,A,-,09,21802,A,N,D,G,A,A,H,-,A,A,0,,Y,,,Y,,A,01,1,0,0,0,0,0,1,0,0,"- ","- ",,,ALAMEDA,OAKLAND,-122.19180297851562,37.798988342285156
9237037,2020,2021-04-12,0109,2020-12-23,0110,9860,1,3,5,7,0109,0,0,0,,0,06X,"36TH ST","MARTIN LUTHER KING JR WY",0.00,,Y,A,-,N,,,,,,,,,,N,3,0,1,2,A,-,03,22350,,M,G,B,D,A,H,-,D,D,0,Y,,,,Y,,A,08,0,1,0,0,1,0,0,0,0,"- ","- ",,,ALAMEDA,OAKLAND,-122.26959228515625,37.825080871582031
9245034,2021,2021-04-08,0109,2021-03-03,1520,8245,1,3,5,7,0109,0,0,0,,0,14X,"SANTA CLARA AV","VALLE VISTA",130.00,N,N,A,-,N,,,,,,,,,,N,3,0,1,2,A,-,21,22106,,N,G,B,E,A,H,-,A,D,0,Y,,,,Y,,D,22,0,1,0,0,1,0,0,0,0,"- ","- ",,,ALAMEDA,OAKLAND,-122.24848175048828,37.814151763916016
9246367,2021,2021-04-01,0109,2021-01-16,0001,9885,2,6,5,7,0109,0,0,0,,0,27X,"FAIRFAX AV","FOOTHILL BL",100.00,S,N,A,-,N,,,,,,,,,,N,4,0,1,2,D,-,00,,,F,G,B,E,A,H,-,C,D,0,Y,,,,Y,,-,"- ",0,0,1,0,1,0,0,0,0,"- ","- ",,,ALAMEDA,OAKLAND,-122.20079803466797,37.772365570068359
9247300,2021,2021-04-13,0109,2021-01-08,0745,9891,1,5,5,7,0109,0,0,0,,0,,"2ND AV","E 12TH AV",0.00,,Y,A,-,N,,,,,,,,,,N,4,0,1,2,A,-,05,21651,B,N,G,B,D,A,H,-,A,C,0,Y,,,,Y,,A,01,0,0,1,0,1,0,0,0,0,"- ","- ",,,ALAMEDA,OAKLAND,-122.25727081298828,37.797245025634766
9247312,2021,2021-04-13,0109,2021-01-10,1937,9521,1,7,5,7,0109,0,0,0,,0,07X,"HOLLIS ST","34TH ST",10.00,E,N,A,-,N,,,,,,,,,,N,4,0,1,2,A,-,10,21950,A,N,A,B,B,A,H,-,C,A,0,Y,,,,Y,,A,07,0,0,1,0,1,0,0,0,0,"- ","- ",,,ALAMEDA,OAKLAND,-122.28408813476562,37.825881958007812
9247320,2021,2021-04-13,0109,2021-01-08,1704,9559,2,5,5,7,0109,0,0,0,,0,30X,"79TH AV","HOLLY ST",0.00,,Y,A,-,N,,,,,,,,,,N,3,0,1,2,A,-,10,21950,A,M,B,B,B,A,H,-,A,D,0,Y,,Y,,Y,,C,02,0,1,0,0,1,0,0,0,0,"- ","- ",,,ALAMEDA,OAKLAND,-122.17910766601562,37.758670806884766
9253917,2020,2021-04-26,0109,2020-12-29,1936,9521,1,2,5,7,0109,0,0,0,,0,03X,BROADWAY,"11TH ST",0.00,,Y,A,-,N,,,,,,,,,,N,3,0,1,2,A,-,10,21950,A,N,G,B,B,A,H,-,C,A,0,Y,,,,Y,,A,01,0,1,0,0,1,0,0,0,0,"- ","- ",,,ALAMEDA,OAKLAND,-122.27247619628906,37.802238464355469