CASE_ID,ACCIDENT_YEAR,PROC_DATE,JURIS,COLLISION_DATE,COLLISION_TIME,OFFICER_ID,REPORTING_DISTRICT,DAY_OF_WEEK,CHP_SHIFT,POPULATION,CNTY_CITY_LOC,SPECIAL_COND,BEAT_TYPE,CHP_BEAT_TYPE,CITY_DIVISION_LAPD,CHP_BEAT_CLASS,BEAT_NUMBER,PRIMARY_RD,SECONDARY_RD,DISTANCE,DIRECTION,INTERSECTION,WEATHER_1,WEATHER_2,STATE_HWY_IND,CALTRANS_COUNTY,CALTRANS_DISTRICT,STATE_ROUTE,ROUTE_SUFFIX,POSTMILE_PREFIX,POSTMILE,LOCATION_TYPE,RAMP_INTERSECTION,SIDE_OF_HWY,TOW_AWAY,COLLISION_SEVERITY,NUMBER_KILLED,NUMBER_INJURED,PARTY_COUNT,PRIMARY_COLL_FACTOR,PCF_CODE_OF_VIOL,PCF_VIOL_CATEGORY,PCF_VIOLATION,PCF_VIOL_SUBSECTION,HIT_AND_RUN,TYPE_OF_COLLISION,MVIW,PED_ACTION,ROAD_SURFACE,ROAD_COND_1,ROAD_COND_2,LIGHTING,CONTROL_DEVICE,CHP_ROAD_TYPE,PEDESTRIAN_ACCIDENT,BICYCLE_ACCIDENT,MOTORCYCLE_ACCIDENT,TRUCK_ACCIDENT,NOT_PRIVATE_PROPERTY,ALCOHOL_INVOLVED,STWD_VEHTYPE_AT_FAULT,CHP_VEHTYPE_AT_FAULT,COUNT_SEVERE_INJ,COUNT_VISIBLE_INJ,COUNT_COMPLAINT_PAIN,COUNT_PED_KILLED,COUNT_PED_INJURED,COUNT_BICYCLIST_KILLED,COUNT_BICYCLIST_INJURED,COUNT_MC_KILLED,COUNT_MC_INJURED,PRIMARY_RAMP,SECONDARY_RAMP,LATITUDE,LONGITUDE,COUNTY,CITY,POINT_X,POINT_Y
9402808,2021,2022-02-09,0109,2021-11-05,1450,8966,2,5,5,7,0109,0,0,0,,0,23X,"34TH AV","INTERNATIONAL BL",0.00,,Y,B,-,N,,,,,,,,,,N,3,0,1,2,D,-,00,,,M,G,B,D,A,H,-,A,D,0,Y,,,,Y,,-,"- ",0,1,0,0,1,0,0,0,0,"- ","- ",,,ALAMEDA,OAKLAND,-122.22383117675781,37.776664733886719
9402838,2021,2022-02-09,0109,2021-11-29,1735,9516,1,1,5,7,0109,0,0,0,,0,03X,"LAKE MERRITT BL","12TH ST",5.00,N,N,A,-,N,,,,,,,,,,N,4,0,1,2,A,-,11,21453,D,N,G,B,B,A,H,-,C,A,0,Y,,,,Y,,N,60,0,0,1,0,1,0,0,0,0,"- ","- ",,,ALAMEDA,OAKLAND,-122.26191711425781,37.799083709716797
9406340,2021,2022-02-18,0109,2021-07-09,1708,9294,1,5,5,7,0109,0,0,0,,0,07X,"WOOD ST","24TH ST",100.00,S,N,A,-,N,,,,,,,,,,N,2,0,1,2,A,-,08,22107,,F,G,B,E,A,H,-,A,C,0,Y,,,,Y,,A,08,1,0,0,0,1,0,0,0,0,"- ","- ",,,ALAMEDA,OAKLAND,-122.29241180419922,37.820030212402344
9406347,2021,2022-02-17,0109,2021-08-25,0815,8756,1,3,5,7,0109,0,0,0,,0,13Y,"MOUNTAIN BL","THORNHILL DR",150.00,E,N,A,-,N,,,,,,,,,,N,3,0,1,2,A,-,09,21801,A,N,D,G,A,A,H,-,A,D,0,,Y,,,Y,,A,07,0,1,0,0,0,0,1,0,0,"- ","- ",,,ALAMEDA,OAKLAND,-122.21417999267578,37.832439422607422
9407850,2022,2022-06-16,0109,2022-05-08,1723,9754,1,7,5,7,0109,0,0,0,,0,03X,"12TH ST","WEBSTER ST",0.00,,Y,A,-,N,,,,,,,,,,N,4,0,1,2,A,-,10,21950,A,M,G,B,B,A,H,-,A,A,0,Y,,,,Y,,A,01,0,0,1,0,1,0,0,0,0,"- ","- ",,,ALAMEDA,OAKLAND,-122.26964569091797,37.801998138427734
9412104,2021,2022-03-15,0109,2021-09-21,0745,9916,1,2,5,7,0109,0,0,0,,0,15X,"HILLGIRT CIR","MACARTHUR BL",0.00,,Y,A,-,N,,,,,,,,,,N,4,0,1,2,A,-,12,22450,A,N,D,G,A,A,H,-,A,D,0,,Y,,,Y,,A,01,0,0,1,0,0,0,1,0,0,"- ","- ",,,ALAMEDA,OAKLAND,-122.24149322509766,37.807117462158203
9414316,2021,2022-03-11,0109,2021-11-21,1800,9832,1,7,5,7,0109,0,0,0,,0,10X,"40TH ST","MARTIN LUTHER KING JR WY",0.00,,Y,A,-,N,,,,,,,,,,N,3,0,1,2,A,-,08,22107,,F,G,B,E,A,H,-,C,A,0,Y,,,,Y,,-,99,0,1,0,0,1,0,0,0,0,"- ","- ",,,ALAMEDA,OAKLAND,-122.2684326171875,37.82977294921875
9414321,2021,2022-03-11,0109,2021-07-21,2133,8658,2,3,5,7,0109,0,0,0,,0,14X,"GRAND AV","PERKINS ST",13.00,W,N,-,-,N,,,,,,,,,,Y,4,0,1,2,A,-,"- ",,,N,-,-,-,-,-,-,-,-,0,Y,,,,Y,,-,"- ",0,0,1,0,1,0,0,0,0,"- ","- ",,,ALAMEDA,OAKLAND,-122.25616455078125,37.808952331542969
9416863,2021,2022-03-16,0109,2021-11-23,0843,9388,2,2,5,7,0109,0,0,0,,0,32X,"FOOTHILL BL","MACARTHUR BL",0.00,,Y,A,-,N,,,,,,,,,,N,4,0,1,2,A,-,10,21950,A,N,G,C,B,A,H,-,-,A,0,Y,,,,Y,,A,01,0,0,1,0,1,0,0,0,0,"- ","- ",,,ALAMEDA,OAKLAND,-122.17202758789062,37.769130706787109
9417270,2021,2022-03-22,0109,2021-08-21,2037,9678,2,6,5,7,0109,0,0,0,,0,32X,"MACARTHUR BL","FISHER AV",200.00,E,N,A,-,N,,,,,,,,,,N,4,0,1,2,A,-,11,21954,A,N,A,B,D,A,H,-,C,A,0,Y,,,,Y,,N,60,0,0,1,0,1,0,0,0,0,"- ","- ",,,ALAMEDA,OAKLAND,-122.15318298339844,37.743686676025391
9417765,2021,2022-03-28,0109,2021-04-02,0824,9651,2,5,5,7,0109,0,0,0,,0,32X,"98TH AV","B ST",6.00,N,N,A,-,N,,,,,,,,,,N,2,0,1,2,A,-,10,21950,A,N,G,B,B,A,H,-,A,A,0,Y,,,,Y,,A,01,1,0,0,0,1,0,0,0,0,"- ","- ",,,ALAMEDA,OAKLAND,-122.17387390136719,37.742778778076172
9417772,2021,2022-03-28,0109,2021-06-04,1615,9294,1,5,5,7,0109,0,0,0,,0,03X,BROADWAY,"8TH ST",0.00,,Y,A,-,N,,,,,,,,,,N,4,0,1,2,A,-,10,21950,A,N,G,B,B,A,H,-,A,A,0,Y,,,,Y,,A,01,0,0,1,0,1,0,0,0,0,"- ","- ",,,ALAMEDA,OAKLAND,-122.27375793457031,37.800197601318359
9417784,2021,2022-03-28,0109,2021-09-05,1903,9923,2,7,5,7,0109,0,0,0,,0,01X,"3RD ST","WEBSTER ST",10.00,E,N,A,-,N,,,,,,,,,,N,3,0,1,2,A,-,10,21950,A,N,G,B,B,A,H,-,A,D,0,Y,,,,Y,,A,01,0,1,0,0,1,0,0,0,0,"- ","- ",,,ALAMEDA,OAKLAND,-122.27349090576172,37.795787811279297
9417789,2021,2022-04-19,0109,2021-09-14,2208,9914,1,2,5,7,0109,0,0,0,,0,14X,"GRAND AV","EL EMBARCADERO",10.00,S,N,A,-,N,,,,,,,,,,N,4,0,1,2,A,-,05,21650,,N,D,G,A,A,H,-,C,A,0,,Y,,,Y,,L,04,0,0,1,0,0,0,1,0,0,"- ","- ",,,ALAMEDA,OAKLAND,-122.24969482421875,37.809310913085938
9417836,2021,2022-03-28,0109,2021-12-18,0828,9786,1,6,5,7,0109,0,0,0,,0,14X,"MANDANA BL","WALKER AV",0.00,,Y,A,-,N,,,,,,,,,,N,3,0,1,2,A,-,10,21950,A,N,G,B,B,A,H,-,A,A,0,Y,,,,Y,,A,01,0,1,0,0,1,0,0,0,0,"- ","- ",,,ALAMEDA,OAKLAND,-122.24537658691406,37.813678741455078
9421875,2021,2022-05-20,0109,2021-10-18,1743,9582,1,1,5,7,0109,0,0,0,,0,08X,"34TH ST","TELEGRAPH AV",0.00,,Y,A,-,N,,,,,,,,,,N,3,0,1,2,A,-,12,21453,A,N,D,J,A,A,H,-,A,A,0,,Y,,,Y,,-,"- ",0,1,0,0,0,0,1,0,0,"- ","- ",,,ALAMEDA,OAKLAND,-122.26625061035156,37.822471618652344
9421879,2021,2022-05-02,0109,2021-10-04,1610,9781,2,1,5,7,0109,0,0,0,,0,26Y,"76TH AV","INTERNATOINAL BL",145.00,S,N,A,-,N,,,,,,,,,,N,4,0,1,2,A,-,03,22350,,M,G,B,E,A,H,-,A,D,0,Y,,,,Y,,-,99,0,0,1,0,1,0,0,0,0,"- ","- ",,,ALAMEDA,OAKLAND,-122.18495941162109,37.7581787109375
9422414,2022,2022-05-10,0109,2022-03-22,1608,9582,2,2,5,7,0109,0,0,0,,0,23X,"FRUITVALE AV","E 13TH ST",0.00,,Y,A,-,N,,,,,,,,,,N,3,0,1,2,A,-,08,22107,,N,D,G,A,A,H,-,A,D,0,,Y,,,Y,,A,01,0,1,0,0,0,0,1,0,0,"- ","- ",,,ALAMEDA,OAKLAND,-122.22628021240234,37.776744842529297
9422545,2022,2022-06-03,0109,2022-04-09,2100,9832,1,6,5,7,0109,0,0,0,,0,19X,"E 12TH ST","17TH AV",15.00,E,N,A,-,N,,,,,,,,,,N,3,0,1,2,A,-,08,22107,,F,A,B,D,A,H,-,C,D,0,Y,,,,Y,,A,01,0,1,0,0,1,0,0,0,0,"- ","- ",,,ALAMEDA,OAKLAND,-122.24385070800781,37.786857604980469
9422623,2021,2022-04-13,0109,2021-03-29,1442,9578,2,1,5,7,0109,0,0,0,,0,07X,"SAN PABLO AV","36TH ST",50.00,S,N,A,-,N,,,,,,,,,,N,4,0,1,2,A,-,11,21955,,N,G,B,D,A,H,-,A,A,0,Y,,,,Y,,N,60,0,0,1,0,1,0,0,0,0,"- ","- ",,,ALAMEDA,OAKLAND,-122.27857208251953,37.826866149902344
9425729,2021,2022-04-15,0109,2021-08-22,2127,9269,1,7,5,7,0109,0,0,0,,0,12X,"CLAREMONT AV","60TH ST",15.00,N,N,A,-,N,,,,,,,,,,N,4,0,1,2,A,-,12,22450,A,N,G,G,A,A,H,-,C,A,0,,Y,,,Y,,L,04,0,0,1,0,0,0,1,0,0,"- ","- ",,,ALAMEDA,OAKLAND,-122.25415802001953,37.84710693359375
9425734,2021,2022-04-15,0109,2021-09-03,1749,9174,1,5,5,7,0109,0,0,0,,0,03X,"OAK ST","6TH ST",0.00,,Y,A,-,N,,,,,,,,,,N,3,0,1,2,A,-,10,21950,A,N,G,B,B,A,H,-,A,A,0,Y,,,,Y,,A,01,0,1,0,0,1,0,0,0,0,"- ","- ",,,ALAMEDA,OAKLAND,-122.26631927490234,37.795516967773438
9428515,2021,2022-05-24,0109,2021-10-15,0410,9658,1,5,5,7,0109,0,0,0,,0,09X,BROADWAY,"BROADWAY 3600",0.00,,-,A,-,N,,,,,,,,,,N,4,0,1,2,B,-,22,,,N,G,B,D,A,H,-,C,D,0,Y,,,,Y,,N,60,0,0,1,0,1,0,0,0,0,"- ","- ",,,ALAMEDA,OAKLAND,-122.250732421875,37.837142944335938
9428606,2022,2022-04-20,0109,2022-03-03,1036,9786,1,4,5,7,0109,0,0,0,,0,09X,"40TH ST","HOWE ST",0.00,,Y,A,-,N,,,,,,,,,,N,3,0,1,2,A,-,10,21950,A,N,G,B,B,A,H,-,A,A,0,Y,,,,Y,,A,01,0,1,0,0,1,0,0,0,0,"- ","- ",,,ALAMEDA,OAKLAND,-122.25450897216797,37.826045989990234
9428713,2022,2022-04-21,0109,2022-02-23,1617,9831,2,3,5,7,0109,0,0,0,,0,32X,"ROYAL ANN ST","103RD AV",0.00,,Y,A,-,N,,,,,,,,,,N,4,0,1,2,D,-,00,,,N,G,B,D,A,H,-,A,D,0,Y,,,,Y,,-,"- ",0,0,1,0,1,0,0,0,0,"- ","- ",,,ALAMEDA,OAKLAND,-122.17166900634766,37.738555908203125
9428893,2021,2022-04-01,0109,2021-08-23,1526,9625,1,1,5,7,0109,0,0,0,,0,07X,"HOLLIS ST","34TH ST",396.00,N,N,A,-,N,,,,,,,,,,N,3,0,1,2,A,-,21,22106,,F,G,B,D,A,H,-,A,A,0,Y,,,,Y,,A,08,0,1,0,0,1,0,0,0,0,"- ","- ",,,ALAMEDA,OAKLAND,-122.28444671630859,37.826961517333984
9428895,2021,2022-04-01,0109,2021-08-28,2209,9897,1,6,5,7,0109,0,0,0,,0,07X,"SAN PABLO AV","ISABELLA ST",0.00,,Y,A,-,N,,,,,,,,,,N,2,0,1,2,A,-,10,21950,A,F,G,B,D,A,H,-,C,D,0,Y,,,,Y,,A,01,1,0,0,0,1,0,0,0,0,"- ","- ",,,ALAMEDA,OAKLAND,-122.27472686767578,37.814884185791016
9430771,2021,2022-04-14,0109,2021-11-19,0702,9400,2,5,5,7,0109,0,0,0,,0,31X,"HEGENBERGER RD","EDGEWATER DR",40.00,S,N,B,-,N,,,,,,,,,,N,4,0,2,3,A,-,09,21804,A,N,B,C,A,A,H,-,A,D,0,,Y,,,Y,,A,08,0,0,2,0,0,0,1,0,0,"- ","- ",,,ALAMEDA,OAKLAND,-122.19700622558594,37.736839294433594
9430900,2022,2022-04-08,0109,2022-02-11,1325,9142,2,5,5,7,0109,0,0,0,,0,,"INTERNATIONAL BL","DERBY AV",50.00,E,N,A,-,N,,,,,,,,,,N,4,0,1,2,A,-,12,21453,A,M,D,G,A,A,H,-,A,A,0,,Y,,,Y,,A,01,0,0,1,0,0,0,1,0,0,"- ","- ",,,ALAMEDA,OAKLAND,-122.22721099853516,37.778263092041016
9431962,2022,2022-04-19,0109,2022-01-23,1028,9906,2,7,5,7,0109,0,0,0,,0,24X,"INTERNATIONAL BL","FRUITVALE AV",20.00,E,N,A,-,N,,,,,,,,,,N,4,0,1,3,A,-,12,21453,A,N,D,C,A,A,H,-,A,A,0,,Y,,,Y,,A,01,0,0,1,0,0,0,1,0,0,"- ","- ",,,ALAMEDA,OAKLAND,-122.22576904296875,37.777584075927734
9432384,2021,2022-07-26,0109,2021-11-13,1440,9913,1,6,5,7,0109,0,0,0,,0,20X,"FRUITVALE AV","E 10TH ST",6.00,W,N,-,-,N,,,,,,,,,,N,4,0,1,2,A,-,10,21950,A,M,G,B,B,A,H,-,A,A,0,Y,,,,Y,,-,99,0,0,1,0,1,0,0,0,0,"- ","- ",,,ALAMEDA,OAKLAND,-122.22700500488281,37.775245666503906
9432387,2021,2022-07-26,0109,2021-07-25,0148,9879,2,7,5,7,0109,0,0,0,,0,30X,"INTERNATIONAL BL","72ND AV",35.00,E,N,A,-,N,,,,,,,,,,N,2,0,1,2,A,-,11,21954,A,N,G,B,D,A,H,-,C,D,0,Y,,,,Y,,N,60,1,0,0,0,1,0,0,0,0,"- ","- ",,,ALAMEDA,OAKLAND,-122.18809509277344,37.759681701660156
9435307,2021,2022-04-22,0109,2021-12-28,2036,9196,2,2,5,7,0109,0,0,0,,0,34X,"BANCROFT AV","87TH AV",104.00,W,N,A,-,N,,,,,,,,,,N,2,0,1,3,A,-,17,21209,A,F,-,G,A,A,H,-,C,D,0,,Y,,,Y,,A,01,1,0,0,0,0,0,1,0,0,"- ","- ",,,ALAMEDA,OAKLAND,-122.16755676269531,37.755905151367188
9435710,2022,2022-04-25,0109,2022-02-18,1554,9182,2,5,5,7,0109,0,0,0,,0,24X,"HIGH ST","YGNACIO AV",5.00,S,N,A,-,N,,,,,,,,,,N,2,0,2,3,A,-,03,22350,,F,G,B,C,A,H,-,A,A,0,Y,,,,Y,,A,01,1,0,1,0,2,0,0,0,0,"- ","- ",,,ALAMEDA,OAKLAND,-122.21076202392578,37.775558471679688
9435712,2022,2022-04-25,0109,2022-02-17,0800,9841,2,4,5,7,0109,0,0,0,,0,27X,"FOOTHILL BL","48TH AV",33.00,W,N,A,-,N,,,,,,,,,,N,4,0,1,2,A,-,11,21955,,F,G,B,C,A,H,-,A,D,0,Y,,,,Y,,N,60,0,0,1,0,1,0,0,0,0,"- ","- ",,,ALAMEDA,OAKLAND,-122.20774078369141,37.772785186767578
9435728,2022,2022-05-05,0109,2022-03-28,2158,8585,2,1,5,7,0109,0,0,0,,0,27X,"HIGH ST","INTERNATIONAL BL",5.00,N,N,A,-,N,,,,,,,,,,N,4,0,1,2,A,-,11,21453,D,M,A,B,B,A,H,-,C,A,0,Y,,,,Y,,N,60,0,0,1,0,1,0,0,0,0,"- ","- ",,,ALAMEDA,OAKLAND,-122.21482086181641,37.772357940673828
9435819,2021,2022-04-26,0109,2021-10-11,2017,9458,1,1,5,7,0109,0,0,0,,0,19X,"FOOTHILL BL","8TH AV",0.00,,Y,A,-,N,,,,,,,,,,N,3,0,2,4,A,-,12,21453,A,M,D,C,F,A,H,-,C,A,0,Y,,,,Y,,A,01,0,1,1,0,1,0,0,0,0,"- ","- ",,,ALAMEDA,OAKLAND,-122.24948120117188,37.794853210449219
9435863,2022,2022-05-04,0109,2022-03-02,1124,9479,2,3,5,7,0109,0,0,0,,0,24X,"BROOKDALE AV","38TH AV",15.00,E,N,A,-,N,,,,,,,,,,N,4,0,1,2,A,-,05,21202,A,N,H,G,A,A,-,-,A,A,0,,Y,,,Y,,L,04,0,0,1,0,0,0,1,0,0,"- ","- ",,,ALAMEDA,OAKLAND,-122.20740509033203,37.785358428955078
9435902,2021,2022-04-26,0109,2021-03-06,1448,9618,2,6,5,7,0109,0,0,0,,0,23X,"FOOTHILL BL","35TH AV",10.00,E,N,A,-,N,,,,,,,,,,N,3,0,1,2,A,-,10,21950,A,M,G,B,B,A,H,-,A,A,0,Y,,,,Y,,A,01,0,1,0,0,1,0,0,0,0,"- ","- ",,,ALAMEDA,OAKLAND,-122.21910858154297,37.78216552734375
9435920,2021,2022-04-25,0109,2021-10-09,1331,9618,2,6,5,7,0109,0,0,0,,0,23X,"17TH ST","FRUITVALE AV",0.00,,Y,A,-,N,,,,,,,,,,N,4,0,1,2,D,-,00,,,M,G,G,A,A,H,-,A,A,0,,Y,,,Y,,-,"- ",0,0,1,0,0,0,1,0,0,"- ","- ",,,ALAMEDA,OAKLAND,-122.22409057617188,37.7811279296875
9437915,2022,2022-07-26,0109,2022-04-04,0015,9945,2,1,5,7,0109,0,0,0,,0,32Y,"98TH AV","STANLEY AV",0.00,,-,A,-,N,,,,,,,,,,Y,4,0,2,3,A,-,08,22107,,N,A,E,-,A,H,-,C,D,0,Y,,,,Y,,A,01,0,0,2,0,1,0,0,0,0,"- ","- ",,,ALAMEDA,OAKLAND,-122.15357971191406,37.752391815185547
9437918,2022,2022-05-17,0109,2022-04-12,1814,9881,1,2,5,7,0109,0,0,0,,0,12Y,"CLAREMONT AV","FOREST ST",0.00,,Y,A,-,N,,,,,,,,,,N,4,0,1,2,A,-,10,21950,A,N,G,B,B,A,H,-,A,A,0,Y,,,,Y,,A,01,0,0,1,0,1,0,0,0,0,"- ","- ",,,ALAMEDA,OAKLAND,-122.25614929199219,37.844657897949219
9437982,2021,2022-05-24,0109,2021-12-10,1652,9173,1,5,5,7,0109,0,0,0,,0,13X,"LA SALLE AV","TRAFALGAR PL",100.00,S,N,A,-,N,,,,,,,,,,N,3,0,1,2,A,-,08,22107,,M,G,B,E,A,A,-,B,A,0,Y,,,,Y,,D,22,0,1,0,0,1,0,0,0,0,"- ","- ",,,ALAMEDA,OAKLAND,-122.21138763427734,37.825702667236328
9440949,2022,2022-05-09,0109,2022-01-14,1800,9196,2,5,5,7,0109,0,0,0,,0,30X,"INTERNATIONAL BL","78TH AV",0.00,,Y,A,-,N,,,,,,,,,,N,3,0,1,2,A,-,11,21456,B,N,G,B,B,A,-,-,C,A,0,Y,,,,Y,,N,60,0,1,0,0,1,0,0,0,0,"- ","- ",,,ALAMEDA,OAKLAND,-122.18357086181641,37.757518768310547
9441337,2021,2022-05-17,0109,2021-12-03,1721,9165,2,5,5,7,0109,0,0,0,,0,27X,"INTERNATIONAL BL","69TH AV",2.00,W,N,B,-,N,,,,,,,,,,N,3,0,1,2,A,-,08,22107,,F,G,B,F,A,H,-,C,A,0,Y,,,,Y,,A,08,0,1,0,0,1,0,0,0,0,"- ","- ",,,ALAMEDA,OAKLAND,-122.1903076171875,37.760734558105469
9441801,2022,2022-05-10,0109,2022-03-26,2500,9811,2,6,5,7,0109,0,0,0,,0,33X,"A ST","98TH AV",75.00,W,N,A,-,N,,,,,,,,,,N,4,0,1,2,A,-,03,22350,,M,G,B,E,A,H,-,C,D,0,Y,,,,Y,,A,01,0,0,1,0,1,0,0,0,0,"- ","- ",,,ALAMEDA,OAKLAND,-122.17298889160156,37.743198394775391
9441812,2022,2022-05-10,0109,2022-03-08,1433,9614,1,2,5,7,0109,0,0,0,,0,03X,"HARRISON ST","11TH ST",0.00,,Y,A,-,N,,,,,,,,,,N,4,0,1,2,A,-,09,21801,A,N,A,G,A,A,H,-,A,A,0,,Y,,,Y,,A,01,0,0,1,0,0,0,1,0,0,"- ","- ",,,ALAMEDA,OAKLAND,-122.26889038085938,37.800846099853516
9441935,2022,2022-05-12,0109,2022-01-30,1940,8549,1,7,5,7,0109,0,0,0,,0,03X,"7TH ST","FALLON ST",0.00,,Y,A,-,N,,,,,,,,,,N,3,0,1,2,A,-,03,22350,,F,G,B,E,A,H,-,C,A,0,Y,,,,Y,,A,01,0,1,0,0,1,0,0,0,0,"- ","- ",,,ALAMEDA,OAKLAND,-122.26470184326172,37.795780181884766
9441937,2022,2022-05-12,0109,2022-01-25,0825,9222,1,2,5,7,0109,0,0,0,,0,14X,"PERKINS ST","GRAND AV",0.00,,Y,A,-,N,,,,,,,,,,N,4,0,1,2,A,-,12,21453,A,F,G,B,B,A,H,-,C,A,0,Y,,,,Y,,A,01,0,0,1,0,1,0,0,0,0,"- ","- ",,,ALAMEDA,OAKLAND,-122.25611877441406,37.808944702148438
9442327,2021,2022-04-28,0109,2021-10-20,0940,9922,1,3,5,7,0109,0,0,0,,0,08X,BROADWAY,"34TH ST",20.00,S,N,C,-,N,,,,,,,,,,N,4,0,1,2,A,-,10,21950,A,N,G,B,B,B,H,-,A,A,0,Y,,,,Y,,A,01,0,0,1,0,1,0,0,0,0,"- ","- ",,,ALAMEDA,OAKLAND,-122.26039886474609,37.821674346923828
9442329,2021,2022-04-28,0109,2021-10-18,1708,9892,1,1,5,7,0109,0,0,0,,0,03X,"7TH ST","WEBSTER ST",75.00,E,N,A,-,N,,,,,,,,,,N,3,0,1,2,A,-,03,22350,,M,G,B,D,A,H,-,A,A,0,Y,,,,Y,,A,07,0,1,0,0,1,0,0,0,0,"- ","- ",,,ALAMEDA,OAKLAND,-122.27156066894531,37.798465728759766
9442391,2021,2022-04-28,0109,2021-11-09,1534,9910,1,2,5,7,0109,0,0,0,,0,21X,"FRUITVALE AV","SCHOOL ST",0.00,,Y,A,-,N,,,,,,,,,,N,4,0,1,2,A,-,09,21801,A,F,D,G,A,A,H,-,A,C,0,,Y,,,Y,Y,A,01,0,0,1,0,0,0,1,0,0,"- ","- ",,,ALAMEDA,OAKLAND,-122.21811676025391,37.795345306396484
9443228,2021,2022-04-28,0109,2021-10-09,1606,9904,2,6,5,7,0109,0,0,0,,0,30Y,"73RD AV","BANCROFT AV",0.00,,Y,A,-,N,,,,,,,,,,N,4,0,1,2,D,-,00,,,F,G,B,E,A,H,-,A,-,0,Y,,,,Y,,-,"- ",0,0,1,0,1,0,0,0,0,"- ","- ",,,ALAMEDA,OAKLAND,-122.17720794677734,37.765819549560547
9443229,2021,2022-04-28,0109,2021-10-16,2212,9517,2,6,5,7,0109,0,0,0,,0,24X,"HIGH ST","SUTER ST",15.00,E,N,A,-,N,,,,,,,,,,N,4,0,1,2,D,-,00,,,N,A,B,D,A,H,-,C,C,0,Y,,,,Y,Y,-,"- ",0,0,1,0,1,0,0,0,0,"- ","- ",,,ALAMEDA,OAKLAND,-122.19838714599609,37.785491943359375
9443273,2021,2022-05-11,0109,2021-11-14,2020,9814,2,7,5,7,0109,0,0,0,,0,27Y,"INTERNATIONAL BL","66TH AV",0.00,,Y,B,-,N,,,,,,,,,,N,4,0,1,2,A,-,03,22350,,M,G,B,-,A,H,-,C,A,0,Y,,,,Y,,A,07,0,0,1,0,1,0,0,0,0,"- ","- ",,,ALAMEDA,OAKLAND,-122.19374084472656,37.762371063232422
9443287,2021,2022-04-29,0109,2021-12-02,0816,9224,2,4,5,7,0109,0,0,0,,0,23X,"INTERNATIONAL BL","42ND AV",0.00,,Y,A,-,N,,,,,,,,,,N,4,0,1,2,A,-,11,21453,D,N,G,B,B,A,H,-,A,A,0,Y,,,,Y,,N,60,0,0,1,0,1,0,0,0,0,"- ","- ",,,ALAMEDA,OAKLAND,-122.21626281738281,37.77301025390625
9443775,2021,2022-05-17,0109,2021-12-16,0900,9607,2,4,5,7,0109,0,0,0,,0,31Z,"EDES AV","105TH AV",0.00,,Y,-,-,N,,,,,,,,,,N,4,0,1,2,A,-,10,21950,A,F,G,B,B,B,-,-,A,A,0,Y,,,,Y,,A,01,0,0,1,0,1,0,0,0,0,"- ","- ",,,ALAMEDA,OAKLAND,-122.17831420898438,37.733299255371094
9444518,2021,2022-05-25,0109,2021-10-19,1350,8245,1,2,5,7,0109,0,0,0,,0,09X,"WEST MACARTHUR BL","HOWE ST",0.00,,Y,A,-,N,,,,,,,,,,N,3,0,1,2,A,-,12,21453,A,F,G,B,B,A,H,-,A,A,0,Y,,,,Y,Y,A,01,0,1,0,0,1,0,0,0,0,"- ","- ",,,ALAMEDA,OAKLAND,-122.25742340087891,37.823795318603516
9444723,2021,2022-05-25,0109,2021-02-22,0243,9676,2,1,5,7,0109,0,0,0,,0,35X,"INTERNATIONAL BL","104TH AV",0.00,,Y,A,-,N,,,,,,,,,,N,4,0,1,2,A,-,08,22107,,M,G,B,E,A,H,-,B,D,0,Y,,,,Y,,-,99,0,0,1,0,1,0,0,0,0,"- ","- ",,,ALAMEDA,OAKLAND,-122.16745758056641,37.74029541015625
9444765,2021,2022-05-24,0109,2021-09-08,2040,9172,1,3,5,7,0109,0,0,0,,0,04X,"HARRISON ST","21ST ST",18.00,N,N,A,-,N,,,,,,,,,,Y,3,0,1,2,A,-,01,23152,,F,C,G,A,A,H,-,C,A,0,,Y,,,Y,Y,A,01,0,1,0,0,0,0,1,0,0,"- ","- ",,,ALAMEDA,OAKLAND,-122.26302337646484,37.809375762939453
9444823,2022,2022-05-31,0109,2022-04-29,1523,9689,1,5,5,7,0109,0,0,0,,0,13X,"PROCTOR AV","ALTA RD",50.00,E,N,A,-,N,,,,,,,,,,N,3,0,1,2,A,-,09,21801,A,N,B,G,A,A,H,-,A,B,0,,Y,,,Y,,A,01,0,1,0,0,0,0,1,0,0,"- ","- ",,,ALAMEDA,OAKLAND,-122.22797393798828,37.841449737548828
9444828,2022,2022-05-31,0109,2022-04-27,1920,8959,1,3,5,7,0109,0,0,0,,0,16Y,"E 18TH ST","E 18TH ST  421",0.00,,Y,A,-,N,,,,,,,,,,N,4,0,1,2,B,-,22,,,M,G,B,F,A,G,-,C,D,0,Y,,,,Y,,A,01,0,0,1,0,1,0,0,0,0,"- ","- ",,,ALAMEDA,OAKLAND,,