CASE_ID,ACCIDENT_YEAR,PROC_DATE,JURIS,COLLISION_DATE,COLLISION_TIME,OFFICER_ID,REPORTING_DISTRICT,DAY_OF_WEEK,CHP_SHIFT,POPULATION,CNTY_CITY_LOC,SPECIAL_COND,BEAT_TYPE,CHP_BEAT_TYPE,CITY_DIVISION_LAPD,CHP_BEAT_CLASS,BEAT_NUMBER,PRIMARY_RD,SECONDARY_RD,DISTANCE,DIRECTION,INTERSECTION,WEATHER_1,WEATHER_2,STATE_HWY_IND,CALTRANS_COUNTY,CALTRANS_DISTRICT,STATE_ROUTE,ROUTE_SUFFIX,POSTMILE_PREFIX,POSTMILE,LOCATION_TYPE,RAMP_INTERSECTION,SIDE_OF_HWY,TOW_AWAY,COLLISION_SEVERITY,NUMBER_KILLED,NUMBER_INJURED,PARTY_COUNT,PRIMARY_COLL_FACTOR,PCF_CODE_OF_VIOL,PCF_VIOL_CATEGORY,PCF_VIOLATION,PCF_VIOL_SUBSECTION,HIT_AND_RUN,TYPE_OF_COLLISION,MVIW,PED_ACTION,ROAD_SURFACE,ROAD_COND_1,ROAD_COND_2,LIGHTING,CONTROL_DEVICE,CHP_ROAD_TYPE,PEDESTRIAN_ACCIDENT,BICYCLE_ACCIDENT,MOTORCYCLE_ACCIDENT,TRUCK_ACCIDENT,NOT_PRIVATE_PROPERTY,ALCOHOL_INVOLVED,STWD_VEHTYPE_AT_FAULT,CHP_VEHTYPE_AT_FAULT,COUNT_SEVERE_INJ,COUNT_VISIBLE_INJ,COUNT_COMPLAINT_PAIN,COUNT_PED_KILLED,COUNT_PED_INJURED,COUNT_BICYCLIST_KILLED,COUNT_BICYCLIST_INJURED,COUNT_MC_KILLED,COUNT_MC_INJURED,PRIMARY_RAMP,SECONDARY_RAMP,LATITUDE,LONGITUDE,COUNTY,CITY,POINT_X,POINT_Y
9444897,2022,2022-05-26,0109,2022-03-18,2127,9929,1,5,5,7,0109,0,0,0,,0,04X,"21ST ST",BROADWAY,0.00,,Y,A,-,N,,,,,,,,,,N,4,0,1,2,A,-,11,21456,B,N,G,B,B,A,H,-,C,A,0,Y,,,,Y,Y,N,60,0,0,1,0,1,0,0,0,0,"- ","- ",,,ALAMEDA,OAKLAND,-122.26760864257812,37.810043334960938
9446231,2022,2022-06-01,0109,2022-01-08,1828,9363,2,6,5,7,0109,0,0,0,,0,28X,"HIGH ST","CULVER ST",0.00,,Y,A,-,N,,,,,,,,,,N,4,0,1,2,A,-,10,21950,A,M,G,B,B,A,H,-,C,D,0,Y,,,,Y,,A,01,0,0,1,0,1,0,0,0,0,"- ","- ",,,ALAMEDA,OAKLAND,-122.19931793212891,37.785022735595703
9447842,2022,2022-09-16,0109,2022-08-01,1155,8198,1,1,5,7,0109,0,0,0,,0,11X,"SHATTUCK AV","62ND ST",156.00,S,N,B,-,N,,,,,,,,,,N,4,0,1,2,A,-,10,21952,,N,G,B,F,A,H,-,A,A,0,Y,,,,Y,,-,,0,0,1,0,1,0,0,0,0,"- ","- ",,,ALAMEDA,OAKLAND,-122.26547241210938,37.84759521484375
9447843,2022,2022-09-16,0109,2022-08-13,2243,9881,1,6,5,7,0109,0,0,0,,0,10X,"54TH ST","MARTIN LUTHER KING JR WY",0.00,,Y,A,-,N,,,,,,,,,,N,4,0,1,2,A,-,10,21950,A,F,G,B,B,A,H,-,C,D,0,Y,,,,Y,,A,01,0,0,1,0,1,0,0,0,0,"- ","- ",,,ALAMEDA,OAKLAND,-122.26959228515625,37.838878631591797
9449694,2022,2022-06-07,0109,2022-02-18,2000,9372,1,5,5,7,0109,0,0,0,,0,04X,TELEGRAPH,"21ST ST",0.00,,Y,A,-,N,,,,,,,,,,N,4,0,1,2,A,-,10,21950,A,M,G,B,B,A,H,-,C,A,0,Y,,,,Y,,A,07,0,0,1,0,1,0,0,0,0,"- ","- ",,,ALAMEDA,OAKLAND,-122.26937866210938,37.810321807861328
9449780,2022,2022-05-31,0109,2022-03-30,0956,9492,2,3,5,7,0109,0,0,0,,0,30X,"INTERNATIONAL BL","79TH AV",70.00,E,N,B,-,N,,,,,,,,,,N,2,0,1,2,A,-,00,21655,1,F,A,B,D,A,H,-,A,D,0,Y,,,,Y,,A,01,1,0,0,0,1,0,0,0,0,"- ","- ",,,ALAMEDA,OAKLAND,-122.18254852294922,37.757026672363281
9449883,2022,2022-06-03,0109,2022-03-02,1643,9944,1,3,5,7,0109,0,0,0,,0,30X,"INTERNATIONAL BL","81ST AV",0.00,,Y,A,-,N,,,,,,,,,,N,4,0,1,2,A,-,12,21453,A,M,G,C,B,A,H,-,A,A,0,Y,,,,Y,,A,01,0,0,1,0,1,0,0,0,0,"- ","- ",,,ALAMEDA,OAKLAND,-122.18064880371094,37.756114959716797
9449888,2022,2022-06-03,0109,2022-03-05,0820,9514,2,6,5,7,0109,0,0,0,,0,26X,"60TH AV","TEVIS ST",240.00,S,N,A,-,N,,,,,,,,,,N,3,0,1,2,A,-,21,22106,,N,G,B,E,A,H,-,A,D,0,Y,,,,Y,,A,01,0,1,0,0,1,0,0,0,0,"- ","- ",,,ALAMEDA,OAKLAND,-122.20276641845703,37.761890411376953
9449900,2022,2022-06-03,0109,2022-03-27,1948,9807,1,7,5,7,0109,0,0,0,,0,01X,"CENTER ST","7TH ST",20.00,N,N,C,-,N,,,,,,,,,,N,3,0,1,2,A,-,12,21453,A,F,G,B,B,B,H,-,C,A,0,Y,,,,Y,Y,A,01,0,1,0,0,1,0,0,0,0,"- ","- ",,,ALAMEDA,OAKLAND,-122.29487609863281,37.805362701416016
9449902,2022,2022-06-07,0109,2022-04-15,1624,9940,2,5,5,7,0109,0,0,0,,0,22Y,"35TH AV","WILLIS CT",35.00,N,N,A,-,N,,,,,,,,,,N,3,0,1,2,A,-,08,22107,,N,B,G,A,A,H,-,A,D,0,,Y,,,Y,,-,,0,1,0,0,0,0,1,0,0,"- ","- ",,,ALAMEDA,OAKLAND,-122.19236755371094,37.798709869384766
9449941,2022,2022-06-06,0109,2022-04-17,1543,9919,2,7,5,7,0109,0,0,0,,0,26X,"73RD AV","SAN LEANDRO ST",0.00,,Y,A,-,N,,,,,,,,,,N,2,0,1,3,B,-,22,,,F,E,B,B,A,H,-,A,A,0,Y,,,,Y,,D,22,1,0,0,0,1,0,0,0,0,"- ","- ",,,ALAMEDA,OAKLAND,-122.19659423828125,37.753128051757812
9449953,2022,2022-06-13,0109,2022-03-24,1051,9142,2,4,5,7,0109,0,0,0,,0,23X,"35TH AV","E 15TH ST",100.00,N,N,A,-,N,,,,,,,,,,N,3,0,1,2,A,-,11,21950,B,N,G,B,D,A,H,-,A,D,0,Y,,,,Y,Y,N,60,0,1,0,0,1,0,0,0,0,"- ","- ",,,ALAMEDA,OAKLAND,-122.22199249267578,37.777606964111328
9451166,2022,2022-06-15,0109,2022-01-06,1841,9480,1,4,5,7,0109,0,0,0,,0,06X,"WEST MACARTHUR BL","MARKET ST",0.00,,Y,A,-,N,,,,,,,,,,N,2,0,1,2,A,-,11,21456,B,N,G,G,A,A,H,-,C,A,0,,Y,,,Y,,L,04,1,0,0,0,0,0,1,0,0,"- ","- ",,,ALAMEDA,OAKLAND,-122.27458953857422,37.827991485595703
9451168,2022,2022-06-21,0109,2022-01-15,2142,9622,2,6,5,7,0109,0,0,0,,0,34X,"90TH AV","SUNNYSIDE ST",50.00,N,N,A,-,N,,,,,,,,,,N,4,0,1,2,A,-,21,22106,,M,G,B,-,A,H,-,C,D,0,Y,,,,Y,,D,22,0,0,1,0,1,0,0,0,0,"- ","- ",,,ALAMEDA,OAKLAND,-122.16664123535156,37.753170013427734
9451360,2022,2022-06-24,0109,2022-05-22,1656,8198,1,7,5,7,0109,0,0,0,,0,11X,"55TH ST","MARTIN LUTHER KING JR WY",309.00,E,N,A,-,N,,,,,,,,,,N,4,0,1,2,A,-,11,21950,B,N,G,B,D,A,H,-,A,A,0,Y,,,,Y,,N,60,0,0,1,0,1,0,0,0,0,"- ","- ",,,ALAMEDA,OAKLAND,-122.26877593994141,37.839908599853516
9452039,2021,2022-06-01,0109,2021-09-21,1145,8137,1,2,5,7,0109,0,0,0,,0,09X,"SANTA CLARA ST","KEMPTON WY",250.00,E,N,A,-,N,,,,,,,,,,N,4,0,1,2,A,-,11,21954,A,N,G,B,E,A,H,-,A,D,0,Y,,,,Y,,N,60,0,0,1,0,1,0,0,0,0,"- ","- ",,,ALAMEDA,OAKLAND,-122.25479125976562,37.820377349853516
9453298,2022,2022-06-24,0109,2022-02-10,0733,8606,1,4,5,7,0109,0,0,0,,0,04X,"FRANKLIN ST","17TH ST",150.00,S,N,A,-,N,,,,,,,,,,N,4,0,1,3,A,-,03,22350,,N,G,B,E,A,H,-,A,A,0,Y,,,Y,Y,,A,08,0,0,1,0,1,0,0,0,0,"- ","- ",,,ALAMEDA,OAKLAND,-122.26873016357422,37.805820465087891
9453500,2022,2022-06-22,0109,2022-04-29,2043,9940,2,5,5,7,0109,0,0,0,,0,22X,"MACARTHUR BL","DIMOND AV",20.00,W,N,A,-,N,,,,,,,,,,N,4,0,1,2,A,-,10,21950,A,N,G,B,D,A,H,-,C,D,0,Y,,,,Y,,A,01,0,0,1,0,1,0,0,0,0,"- ","- ",,,ALAMEDA,OAKLAND,-122.21732330322266,37.800666809082031
9455074,2022,2022-06-30,0109,2022-05-19,0802,9224,2,4,5,7,0109,0,0,0,,0,23X,"INTERNATIONAL BL","34TH AV",0.00,,Y,A,-,N,,,,,,,,,,N,4,0,2,2,D,-,00,,,N,G,B,B,A,H,-,A,A,0,Y,,,,Y,,-,"- ",0,0,2,0,1,0,0,0,0,"- ","- ",,,ALAMEDA,OAKLAND,-122.22383117675781,37.776664733886719
9455462,2022,2022-07-13,0109,2022-05-24,1133,8557,1,2,5,7,0109,0,0,0,,0,01X,"5TH ST",BROADWAY,36.00,N,N,A,-,N,,,,,,,,,,N,3,0,1,3,A,-,03,22350,,N,A,C,F,A,H,-,A,A,0,Y,,,,Y,,D,22,0,1,0,0,1,0,0,0,0,"- ","- ",,,ALAMEDA,OAKLAND,-122.27516174316406,37.798187255859375
9457690,2022,2022-06-09,0109,2022-01-31,0140,9889,1,1,5,7,0109,0,0,0,,0,03X,"13TH ST","FRANKLIN ST",48.00,E,N,A,-,N,,,,,,,,,,N,4,0,1,2,A,-,08,22107,,F,B,G,A,A,H,-,C,A,0,,Y,,,Y,Y,A,01,0,0,1,0,0,0,1,0,0,"- ","- ",,,ALAMEDA,OAKLAND,-122.27024841308594,37.803081512451172
9462093,2022,2022-07-05,0109,2022-04-20,2022,8459,1,3,5,7,0109,0,0,0,,0,06X,"29TH ST","MARTIN LUTHER KING JR WY",0.00,,Y,C,-,N,,,,,,,,,,N,4,0,1,2,A,-,08,22107,,N,D,G,A,B,H,-,C,D,0,,Y,,,Y,,L,04,0,0,1,0,0,0,1,0,0,"- ","- ",,,ALAMEDA,OAKLAND,-122.27119445800781,37.818729400634766
9463841,2021,2022-09-02,0109,2021-05-19,1038,9853,2,3,5,7,0109,0,0,0,,0,26X,"HIGH ST","COLLISIUM WY",5.00,N,N,A,-,N,,,,,,,,,,N,4,0,1,2,A,-,11,21954,A,N,G,B,B,A,H,-,A,A,0,Y,,,,Y,,N,60,0,0,1,0,1,0,0,0,0,"- ","- ",,,ALAMEDA,OAKLAND,-122.21994018554688,37.768520355224609
9465713,2022,2023-01-04,0109,2022-11-25,1153,9949,1,5,5,7,0109,0,0,0,,0,08X,"26TH ST",BROADWAY,5.00,W,N,A,-,N,,,,,,,,,,N,4,0,1,2,A,-,08,22107,,M,D,G,A,A,H,-,A,A,0,,Y,,,Y,,A,01,0,0,1,0,0,0,1,0,0,"- ","- ",,,ALAMEDA,OAKLAND,-122.26462554931641,37.814842224121094
9466823,2022,2023-01-31,0109,2022-05-05,2124,8881,1,4,5,7,0109,0,0,0,,0,04X,BROADWAY,"20TH ST",0.00,,Y,A,-,N,,,,,,,,,,N,3,0,1,3,A,-,08,22107,,M,G,-,E,A,H,-,C,A,0,Y,,,,Y,,A,01,0,1,0,0,1,0,0,0,0,"- ","- ",,,ALAMEDA,OAKLAND,-122.26823425292969,37.809055328369141
9472263,2022,2022-07-20,0109,2022-03-17,0547,9869,1,4,5,7,0109,0,0,0,,0,19X,"22ND AV","E 12TH ST",0.00,,Y,A,-,N,,,,,,,,,,N,3,0,1,2,A,-,11,21954,A,N,G,B,E,A,H,-,B,D,0,Y,,,,Y,,N,60,0,1,0,0,1,0,0,0,0,"- ","- ",,,ALAMEDA,OAKLAND,-122.23863220214844,37.783737182617188
9472569,2022,2022-07-21,0109,2022-02-16,0806,9968,1,3,5,7,0109,0,0,0,,0,19X,"6TH AV","INTERNATIONAL BL",0.00,,Y,A,-,N,,,,,,,,,,N,4,0,1,2,A,-,12,22450,A,N,D,C,A,A,H,-,A,D,0,,Y,,,Y,,A,01,0,0,1,0,0,0,1,0,0,"- ","- ",,,ALAMEDA,OAKLAND,-122.25301361083984,37.795024871826172
9474038,2022,2022-08-25,0109,2022-07-18,1532,9994,1,1,5,7,0109,0,0,0,,0,14X,"27TH ST","HARRISON ST",0.00,,Y,A,-,N,,,,,,,,,,N,3,0,1,2,A,-,10,21950,A,N,G,B,B,A,H,-,A,A,0,Y,,,,Y,,A,01,0,1,0,0,1,0,0,0,0,"- ","- ",,,ALAMEDA,OAKLAND,-122.26149749755859,37.81280517578125
9474665,2022,2022-07-06,0109,2022-05-24,1851,9814,2,2,5,7,0109,0,0,0,,0,26X,"HIGH ST","OAKPORT ST",30.00,S,N,A,-,N,,,,,,,,,,N,4,0,1,2,A,-,11,21955,,N,A,B,D,A,H,-,A,A,0,Y,,,,Y,,N,60,0,0,1,0,1,0,0,0,0,"- ","- ",,,ALAMEDA,OAKLAND,-122.22071838378906,37.767917633056641
9475479,2022,2022-07-21,0109,2022-05-06,2030,9968,1,5,5,7,0109,0,0,0,,0,14Y,"ADAMS ST","PERKINS ST",100.00,S,N,A,-,N,,,,,,,,,,N,3,0,1,2,D,-,00,,,N,H,G,A,A,H,-,B,D,0,,Y,,,Y,,-,"- ",0,1,0,0,0,0,1,0,0,"- ","- ",,,ALAMEDA,OAKLAND,-122.25570678710938,37.814464569091797
9475755,2022,2022-07-15,0109,2022-02-01,0810,8862,2,2,5,7,0109,0,0,0,,0,22X,"LAGUNA AV","CHARLESTON ST",0.00,,Y,A,-,N,,,,,,,,,,N,3,0,1,2,A,-,12,22450,A,N,D,G,A,A,H,-,A,A,0,,Y,,,Y,,A,01,0,1,0,0,0,0,1,0,0,"- ","- ",,,ALAMEDA,OAKLAND,-122.20225524902344,37.806667327880859
9477153,2022,2022-07-22,0109,2022-02-22,1017,9727,2,2,5,7,0109,0,0,0,,0,29X,"BANCROFT AV","64TH AV",6.00,E,N,A,-,N,,,,,,,,,,N,4,0,1,2,A,-,12,22450,A,M,G,B,B,A,H,-,A,A,0,Y,,,,Y,,A,01,0,0,1,0,1,0,0,0,0,"- ","- ",,,ALAMEDA,OAKLAND,-122.18537139892578,37.770057678222656
9477154,2022,2022-07-22,0109,2022-02-06,1530,1,1,7,5,7,0109,0,0,0,,0,09X,"OAKLAND AV","MONTE VISTA AV",0.00,,Y,A,-,N,,,,,,,,,,N,3,0,1,2,A,-,10,21950,A,N,G,B,B,A,H,-,A,A,0,Y,,,,Y,,A,01,0,1,0,0,1,0,0,0,0,"- ","- ",,,ALAMEDA,OAKLAND,-122.24839782714844,37.821277618408203
9477302,2022,2022-07-22,0109,2022-04-12,2130,9960,1,2,5,7,0109,0,0,0,,0,15X,"E 18TH ST","3RD AV",0.00,,Y,A,-,N,,,,,,,,,,N,2,0,1,2,A,-,10,21950,A,F,G,B,B,A,H,-,C,A,0,Y,,,,Y,,A,01,1,0,0,0,1,0,0,0,0,"- ","- ",,,ALAMEDA,OAKLAND,-122.251953125,37.799701690673828
9482526,2022,2022-07-28,0109,2022-06-04,0156,9812,1,6,5,7,0109,0,0,0,,0,08X,"W GRAND AV","NORTHGATE AV",100.00,E,N,A,-,N,,,,,,,,,,N,4,0,2,3,A,-,10,21950,A,F,G,B,D,A,H,-,C,D,0,Y,,,,Y,Y,A,01,0,0,2,0,2,0,0,0,0,"- ","- ",,,ALAMEDA,OAKLAND,-122.27110290527344,37.812187194824219
9490223,2022,2022-08-24,0109,2022-06-07,1544,9678,2,2,5,7,0109,0,0,0,,0,31Z,"ACALANES DR","105TH AV",0.00,,Y,A,-,N,,,,,,,,,,N,4,0,1,2,A,-,10,21950,A,M,C,B,B,A,H,-,A,A,0,Y,,,,Y,,D,23,0,0,1,0,1,0,0,0,0,"- ","- ",,,ALAMEDA,OAKLAND,-122.17852783203125,37.733139038085938
9491135,2022,2022-08-30,0109,2022-04-27,0809,9963,2,3,5,7,0109,0,0,0,,0,26X,"INTERNATIONAL BL","71ST AV",0.00,,Y,A,-,N,,,,,,,,,,N,4,0,1,2,D,-,00,,,N,F,G,A,A,H,-,A,C,0,,Y,,,Y,,-,"- ",0,0,1,0,0,0,1,0,0,"- ","- ",,,ALAMEDA,OAKLAND,-122.18910980224609,37.760158538818359
9491570,2022,2022-09-14,0109,2022-08-18,2006,8914,1,4,5,7,0109,0,0,0,,0,13Y,"MOUNTAIN BL","PINEWOOD RD",45.00,E,N,A,-,N,,,,,,,,,,N,4,0,1,2,A,-,08,22107,,M,B,B,E,A,H,-,B,A,0,Y,,,,Y,,A,01,0,0,1,0,1,0,0,0,0,"- ","- ",,,ALAMEDA,OAKLAND,-122.22115325927734,37.843425750732422
9491627,2022,2022-09-02,0109,2022-04-09,1410,9811,1,6,5,7,0109,0,0,0,,0,19X,EMBARCADERO,"16TH AV",100.00,,N,A,-,N,,,,,,,,,,N,2,0,1,2,D,-,00,,,F,H,G,A,A,H,-,A,D,0,,Y,,,Y,,-,"- ",1,0,0,0,0,0,1,0,0,"- ","- ",,,ALAMEDA,OAKLAND,-122.24324035644531,37.784088134765625
9492836,2022,2022-09-12,0109,2022-05-21,0034,9650,1,6,5,7,0109,0,0,0,,0,19X,"INTERNATIONAL BL","6TH AV",75.00,W,N,A,-,N,,,,,,,,,,N,3,0,1,2,A,-,08,22107,,M,G,G,A,A,H,-,C,D,0,,Y,,,Y,,A,01,0,1,0,0,0,0,1,0,0,"- ","- ",,,ALAMEDA,OAKLAND,-122.25318145751953,37.795173645019531
9492892,2022,2022-10-18,0109,2022-02-06,2324,9842,2,7,5,7,0109,0,0,0,,0,34X,"INTERNATIONAL BL","86TH AV",0.00,,Y,A,-,N,,,,,,,,,,N,4,0,1,2,A,-,08,22107,,M,G,G,A,A,H,-,C,A,0,,Y,,,Y,,A,01,0,0,1,0,0,0,1,0,0,"- ","- ",,,ALAMEDA,OAKLAND,-122.17665100097656,37.752552032470703
9493088,2022,2022-09-12,0109,2022-08-31,2140,9937,1,3,5,7,0109,0,0,0,,0,12X,"TELEGRAPH AV","48TH ST",150.00,N,N,B,-,N,,,,,,,,,,N,3,0,1,2,A,-,11,21954,A,N,G,B,D,A,H,-,B,D,0,Y,,,,Y,Y,N,60,0,1,0,0,1,0,0,0,0,"- ","- ",,,ALAMEDA,OAKLAND,-122.26284027099609,37.835132598876953
9495300,2022,2022-10-06,0109,2022-08-23,1716,10001,1,2,5,7,0109,0,0,0,,0,03X,"MADISON ST","7TH ST",0.00,,Y,A,-,N,,,,,,,,,,N,3,0,1,2,A,-,10,21950,A,N,G,B,B,A,H,-,A,A,0,Y,,,,Y,,A,07,0,1,0,0,1,0,0,0,0,"- ","- ",,,ALAMEDA,OAKLAND,-122.26705169677734,37.796707153320312
9495302,2022,2022-10-03,0109,2022-08-25,1555,8347,1,4,5,7,0109,0,0,0,,0,09X,"OAKLAND AV","SANTA CLARA AV",25.00,N,N,A,-,N,,,,,,,,,,N,4,0,1,2,A,-,05,21650,1,N,A,G,A,A,H,-,A,A,0,,Y,,,Y,,L,04,0,0,1,0,0,0,1,0,0,"- ","- ",,,ALAMEDA,OAKLAND,-122.25338745117188,37.819187164306641
9495612,2022,2022-10-06,0109,2022-07-31,1225,9597,2,7,5,7,0109,0,0,0,,0,20X,"28TH AV","FOOTHILL BL",75.00,S,N,A,-,N,,,,,,,,,,N,4,0,1,2,A,-,17,22517,,N,H,G,A,A,H,-,A,D,0,,Y,,,Y,,A,01,0,0,1,0,0,0,1,0,0,"- ","- ",,,ALAMEDA,OAKLAND,-122.22566986083984,37.784210205078125
9498034,2022,2022-09-27,0109,2022-09-01,0742,8270,1,4,5,7,0109,0,0,0,,0,15X,"ATHOL AV","MACARTHUR BL",0.00,,Y,A,-,N,,,,,,,,,,N,3,0,1,2,A,-,10,21950,A,N,G,B,B,A,H,-,A,D,0,Y,,,,Y,,A,01,0,1,0,0,1,0,0,0,0,"- ","- ",,,ALAMEDA,OAKLAND,-122.24131011962891,37.806983947753906
9498082,2022,2022-09-27,0109,2022-08-17,0810,8347,1,3,5,7,0109,0,0,0,,0,02Y,"MANDELA PKWY","14TH ST",0.00,,Y,A,-,N,,,,,,,,,,N,3,0,1,2,A,-,09,21800,A,N,D,G,A,A,H,-,A,A,0,,Y,,,Y,,A,07,0,1,0,0,0,0,1,0,0,"- ","- ",,,ALAMEDA,OAKLAND,-122.29174041748047,37.810855865478516
9498087,2022,2022-10-06,0109,2022-08-11,1044,9786,1,4,5,7,0109,0,0,0,,0,09X,"MACARTHUR BL","MACARTHUR BL 193",0.00,,N,A,-,N,,,,,,,,,,N,4,0,1,2,A,-,10,21950,A,N,G,B,B,A,H,-,A,A,0,Y,,,,Y,,A,01,0,0,1,0,1,0,0,0,0,"- ","- ",,,ALAMEDA,OAKLAND,-122.25457000732422,37.821502685546875
9498171,2022,2022-10-10,0109,2022-07-18,1218,9732,1,1,5,7,0109,0,0,0,,0,,"7TH ST",BROADWAY,100.00,E,N,A,-,N,,,,,,,,,,N,3,0,1,2,A,-,17,22517,,N,H,G,A,A,H,-,A,D,0,,Y,,Y,Y,,F,26,0,1,0,0,0,0,1,0,0,"- ","- ",,,ALAMEDA,OAKLAND,-122.27388000488281,37.799369812011719
9498313,2022,2022-10-18,0109,2022-09-01,2102,9929,1,4,5,7,0109,0,0,0,,0,03X,"8TH ST","OAK ST",0.00,,Y,A,-,N,,,,,,,,,,N,4,0,1,2,A,-,10,21950,A,N,G,B,B,A,H,-,C,A,0,Y,,,,Y,,A,01,0,0,1,0,1,0,0,0,0,"- ","- ",,,ALAMEDA,OAKLAND,-122.26546478271484,37.796939849853516
9498434,2022,2022-10-21,0109,2022-09-03,0211,9765,1,6,5,7,0109,0,0,0,,0,19X,"14TH AV","E 12TH ST",0.00,,Y,A,-,N,,,,,,,,,,N,4,0,1,2,A,-,10,21950,A,M,G,B,B,A,H,-,C,A,0,Y,,,,Y,,A,01,0,0,1,0,1,0,0,0,0,"- ","- ",,,ALAMEDA,OAKLAND,-122.24722290039062,37.788272857666016
9498694,2022,2022-10-19,0109,2022-08-31,2112,9990,2,3,5,7,0109,0,0,0,,0,30X,"73RD AV","INTERNATIONAL BL",0.00,,Y,A,-,N,,,,,,,,,,N,3,0,1,2,A,-,10,21950,A,M,G,B,D,A,H,-,C,A,0,Y,,,,Y,Y,-,99,0,1,0,0,1,0,0,0,0,"- ","- ",,,ALAMEDA,OAKLAND,-122.18708038330078,37.759212493896484
9498717,2021,2022-10-19,0109,2021-08-30,2327,8676,2,1,5,7,0109,0,0,0,,0,23X,"FOOTHILL BL","HIGH ST",0.00,,Y,A,-,N,,,,,,,,,,Y,2,0,1,2,A,-,01,23153,B,F,G,B,B,A,H,-,C,A,0,Y,,,,Y,Y,A,07,1,0,0,0,1,0,0,0,0,"- ","- ",,,ALAMEDA,OAKLAND,-122.21180725097656,37.774692535400391
9499044,2022,2022-10-20,0109,2022-07-08,1333,9971,1,5,5,7,0109,0,0,0,,0,06X,"SHATTUCK AV","65TH ST",0.00,,Y,A,-,N,,,,,,,,,,N,3,0,1,2,A,-,09,21801,A,N,D,G,A,A,H,-,A,D,0,,Y,,,Y,,A,01,0,1,0,0,0,0,1,0,0,"- ","- ",,,ALAMEDA,OAKLAND,-122.26586151123047,37.850337982177734
9499109,2022,2022-10-20,0109,2022-09-04,2328,9927,2,7,5,7,0109,0,0,0,,0,23X,"42ND AV","INTERNATIONAL BL",5.00,S,N,A,-,N,,,,,,,,,,N,4,0,1,2,A,-,11,21955,,N,G,B,C,A,H,-,C,A,0,Y,,,,Y,Y,N,60,0,0,1,0,1,0,0,0,0,"- ","- ",,,ALAMEDA,OAKLAND,-122.21627044677734,37.772998809814453
9499274,2022,2022-10-25,0109,2022-10-03,1225,8557,1,1,5,7,0109,0,0,0,,0,04X,"14TH ST","MARTIN LUTHER KING JR",0.00,,Y,A,-,N,,,,,,,,,,N,4,0,1,2,A,-,10,21950,A,N,G,B,B,A,H,-,A,A,0,Y,,,,Y,,A,01,0,0,1,0,1,0,0,0,0,"- ","- ",,,ALAMEDA,OAKLAND,-122.27597045898438,37.806209564208984
9499900,2022,2022-11-21,0109,2022-10-25,1131,9381,2,2,5,7,0109,0,0,0,,0,27X,"FOOTHILL BL","55TH AV",155.00,W,N,A,-,N,,,,,,,,,,N,3,0,1,2,A,-,11,21954,A,N,B,B,D,A,H,-,A,B,0,Y,,,,Y,,N,60,0,1,0,0,1,0,0,0,0,"- ","- ",,,ALAMEDA,OAKLAND,-122.19644165039062,37.772617340087891
9500048,2022,2022-09-30,0109,2022-08-29,1723,9985,1,1,5,7,0109,0,0,0,,0,04X,"22ND ST",BROADWAY,1.00,S,N,A,-,N,,,,,,,,,,N,3,0,1,2,A,-,10,21950,A,N,G,B,B,A,H,-,A,A,0,Y,,,,Y,,A,07,0,1,0,0,1,0,0,0,0,"- ","- ",,,ALAMEDA,OAKLAND,-122.26708984375,37.810939788818359
9502730,2022,2022-09-16,0109,2022-06-23,0715,10004,2,4,5,7,0109,0,0,0,,0,29X,"FAIRFAX AV","HIGH ST",0.00,,Y,A,-,N,,,,,,,,,,N,4,0,1,2,A,-,10,21950,A,N,G,B,B,A,H,-,A,A,0,Y,,,,Y,,A,01,0,0,1,0,1,0,0,0,0,"- ","- ",,,ALAMEDA,OAKLAND,-122.20581817626953,37.780757904052734
9504705,2022,2022-10-26,0109,2022-07-05,1420,9821,1,2,5,7,0109,0,0,0,,0,07X,"26TH ST","MARKET ST",0.00,,Y,A,-,N,,,,,,,,,,N,3,0,1,2,A,-,10,21950,A,M,G,B,B,A,H,-,A,A,0,Y,,,,Y,,A,01,0,1,0,0,1,0,0,0,0,"- ","- ",,,ALAMEDA,OAKLAND,-122.27754974365234,37.817497253417969
9513095,2022,2022-10-31,0109,2022-01-23,1921,9916,2,7,5,7,0109,0,0,0,,0,27X,"FOOTHILL RD","48TH AV",0.00,,Y,A,-,N,,,,,,,,,,N,4,0,1,2,A,-,10,21950,A,M,D,B,-,A,H,-,C,A,0,Y,,,,Y,,-,99,0,0,1,0,1,0,0,0,0,"- ","- ",,,ALAMEDA,OAKLAND,-122.2076416015625,37.772739410400391