CASE_ID,ACCIDENT_YEAR,PROC_DATE,JURIS,COLLISION_DATE,COLLISION_TIME,OFFICER_ID,REPORTING_DISTRICT,DAY_OF_WEEK,CHP_SHIFT,POPULATION,CNTY_CITY_LOC,SPECIAL_COND,BEAT_TYPE,CHP_BEAT_TYPE,CITY_DIVISION_LAPD,CHP_BEAT_CLASS,BEAT_NUMBER,PRIMARY_RD,SECONDARY_RD,DISTANCE,DIRECTION,INTERSECTION,WEATHER_1,WEATHER_2,STATE_HWY_IND,CALTRANS_COUNTY,CALTRANS_DISTRICT,STATE_ROUTE,ROUTE_SUFFIX,POSTMILE_PREFIX,POSTMILE,LOCATION_TYPE,RAMP_INTERSECTION,SIDE_OF_HWY,TOW_AWAY,COLLISION_SEVERITY,NUMBER_KILLED,NUMBER_INJURED,PARTY_COUNT,PRIMARY_COLL_FACTOR,PCF_CODE_OF_VIOL,PCF_VIOL_CATEGORY,PCF_VIOLATION,PCF_VIOL_SUBSECTION,HIT_AND_RUN,TYPE_OF_COLLISION,MVIW,PED_ACTION,ROAD_SURFACE,ROAD_COND_1,ROAD_COND_2,LIGHTING,CONTROL_DEVICE,CHP_ROAD_TYPE,PEDESTRIAN_ACCIDENT,BICYCLE_ACCIDENT,MOTORCYCLE_ACCIDENT,TRUCK_ACCIDENT,NOT_PRIVATE_PROPERTY,ALCOHOL_INVOLVED,STWD_VEHTYPE_AT_FAULT,CHP_VEHTYPE_AT_FAULT,COUNT_SEVERE_INJ,COUNT_VISIBLE_INJ,COUNT_COMPLAINT_PAIN,COUNT_PED_KILLED,COUNT_PED_INJURED,COUNT_BICYCLIST_KILLED,COUNT_BICYCLIST_INJURED,COUNT_MC_KILLED,COUNT_MC_INJURED,PRIMARY_RAMP,SECONDARY_RAMP,LATITUDE,LONGITUDE,COUNTY,CITY,POINT_X,POINT_Y
9516103,2022,2022-12-14,0109,2022-10-31,1711,9880,2,1,5,7,0109,0,0,0,,0,30X,"CHURCH ST","FOOTHILL BL",0.00,,Y,A,-,N,,,,,,,,,,N,4,0,1,2,A,-,08,22107,,M,B,G,A,A,H,-,A,D,0,,Y,,,Y,Y,D,22,0,0,1,0,0,0,1,0,0,"- ","- ",,,ALAMEDA,OAKLAND,-122.17741394042969,37.769840240478516
9516694,2022,2022-12-13,0109,2022-10-26,0650,10027,2,3,5,7,0109,0,0,0,,0,20X,"FRUITVALE AV","E 9TH ST",0.00,,Y,A,-,N,,,,,,,,,,N,4,0,1,2,A,-,10,21950,A,N,-,B,B,A,H,-,B,A,0,Y,,,,Y,,A,01,0,0,1,0,1,0,0,0,0,"- ","- ",,,ALAMEDA,OAKLAND,-122.22784423828125,37.773487091064453
9516899,2022,2022-12-30,0109,2022-05-12,1515,9930,2,4,5,7,0109,0,0,0,,0,26X,"66TH AV","LION WY",180.00,N,N,A,-,N,,,,,,,,,,N,4,0,1,2,A,-,10,21950,A,N,G,B,D,A,H,-,A,D,0,Y,,,,Y,,-,"- ",0,0,1,0,1,0,0,0,0,"- ","- ",,,ALAMEDA,OAKLAND,-122.19804382324219,37.758983612060547
9519001,2022,2023-02-02,0109,2022-11-24,0110,8742,1,4,5,7,0109,0,0,0,,0,05X,"W GRAND AV","MARKET ST",2100.00,E,N,A,-,N,,,,,,,,,,N,4,0,1,2,A,-,08,22107,,M,B,B,E,A,H,-,C,D,0,Y,,,,Y,,-,99,0,0,1,0,1,0,0,0,0,"- ","- ",,,ALAMEDA,OAKLAND,-122.27194976806641,37.812339782714844
9519980,2022,2023-02-13,0109,2022-11-03,0829,9149,1,4,5,7,0109,0,0,0,,0,03X,"14TH ST","JEFFERSON ST",0.00,,Y,A,-,N,,,,,,,,,,N,2,0,1,2,A,-,12,21453,A,N,G,B,B,A,H,-,A,A,0,Y,,,,Y,,A,01,1,0,0,0,1,0,0,0,0,"- ","- ",,,ALAMEDA,OAKLAND,-122.27479553222656,37.805740356445312
9520392,2021,2023-02-13,0109,2021-05-09,1714,8483,1,7,5,7,0109,0,0,0,,0,16Y,"PARK BL","GREENWOOD AV",120.00,N,N,A,-,N,,,,,,,,,,Y,1,1,1,4,-,-,"- ",,,F,G,B,F,A,H,-,A,D,0,Y,,,,Y,Y,A,01,0,0,1,1,0,0,0,0,0,"- ","- ",,,ALAMEDA,OAKLAND,-122.22814178466797,37.804752349853516
9520394,2021,2023-02-13,0109,2021-12-04,0146,8483,2,6,5,7,0109,0,0,0,,0,04X,BROADWAY,"19TH ST",130.00,N,N,-,-,N,,,,,,,,,,N,1,1,0,2,A,-,11,21954,A,F,G,B,E,A,H,-,A,D,0,Y,,,,Y,,N,60,0,0,0,1,0,0,0,0,0,"- ","- ",,,ALAMEDA,OAKLAND,-122.26882934570312,37.808097839355469
9520396,2022,2023-02-13,0109,2022-05-27,2238,8483,1,5,5,7,0109,0,0,0,,0,11X,"SHATTUCK AV","55TH ST",0.00,,Y,A,-,N,,,,,,,,,,N,1,1,0,2,A,-,09,21801,A,N,A,C,A,A,H,-,C,A,0,,Y,,,Y,,L,04,0,0,0,0,0,1,0,0,0,"- ","- ",,,ALAMEDA,OAKLAND,-122.26451873779297,37.840427398681641
9520453,2022,2023-02-22,0109,2022-03-19,0040,9372,2,6,5,7,0109,0,0,0,,0,34X,"INTERNATIONAL BL","89TH AV",130.00,E,N,A,-,N,,,,,,,,,,N,1,1,0,2,A,-,11,21954,A,F,G,B,D,A,H,-,C,A,0,Y,,,,Y,,N,60,0,0,0,1,0,0,0,0,0,"- ","- ",,,ALAMEDA,OAKLAND,-122.17487335205078,37.750152587890625
9520481,2021,2023-05-12,0109,2021-06-28,2216,8658,2,1,5,7,0109,0,0,0,,0,30Y,"BANCROFT AV","CHURCH ST",9.00,E,N,A,-,N,,,,,,,,,,N,1,1,0,2,A,-,10,21950,A,F,G,B,B,A,H,-,C,A,0,Y,,,,Y,,A,01,0,0,0,1,0,0,0,0,0,"- ","- ",,,ALAMEDA,OAKLAND,-122.17954254150391,37.768009185791016
9520551,2022,2023-05-24,0109,2022-01-21,2000,8881,2,5,5,7,0109,0,0,0,,0,27X,"BANCROFT AV","61ST AV",90.00,E,N,A,G,N,,,,,,,,,,N,1,1,0,2,A,-,11,21954,A,F,G,B,D,A,H,-,B,A,0,Y,,,,Y,,N,60,0,0,0,1,0,0,0,0,0,"- ","- ",,,ALAMEDA,OAKLAND,-122.18859100341797,37.770481109619141
9520718,2022,2023-07-10,0109,2022-05-31,1733,8483,2,2,5,7,0109,0,0,0,,0,19X,"16TH AV","INTERNATIONAL BL",3.00,N,N,A,-,N,,,,,,,,,,N,1,1,0,2,A,-,10,21950,A,F,G,B,B,A,H,-,A,A,0,Y,,,,Y,,A,07,0,0,0,1,0,0,0,0,0,"- ","- ",,,ALAMEDA,OAKLAND,-122.24416351318359,37.788345336914062
9520751,2022,2023-07-19,0109,2022-08-25,1602,8483,1,4,5,7,0109,0,0,0,,0,09X,"MACARTHUR BL","PIEDMONT AV",0.00,,Y,A,-,N,,,,,,,,,,Y,1,1,0,2,A,-,03,22350,,F,G,B,E,A,H,-,A,A,0,Y,,,,Y,,A,01,0,0,0,1,0,0,0,0,0,"- ","- ",,,ALAMEDA,OAKLAND,-122.25663757324219,37.823200225830078
9520906,2022,2023-08-29,0109,2022-07-17,2211,8414,2,7,5,7,0109,0,0,0,,0,27Y,"BANCROFT AV","62ND AV",0.00,,Y,A,-,N,,,,,,,,,,N,1,1,0,2,D,-,00,,,F,G,B,E,A,H,-,C,D,0,Y,,,,Y,Y,-,"- ",0,0,0,1,0,0,0,0,0,"- ","- ",,,ALAMEDA,OAKLAND,-122.18762969970703,37.770362854003906
9522992,2022,2023-01-04,0109,2022-11-14,1135,9742,1,1,5,7,0109,0,0,0,,0,07X,"BRUSH ST","SAN PABLO AV",40.00,S,N,A,-,N,,,,,,,,,,N,4,0,1,2,A,-,09,21801,A,N,D,G,A,A,H,-,A,A,0,,Y,,,Y,,L,04,0,0,1,0,0,0,1,0,0,"- ","- ",,,ALAMEDA,OAKLAND,-122.27436065673828,37.813430786132812
9522995,2022,2023-01-04,0109,2022-11-15,0830,9958,1,2,5,7,0109,0,0,0,,0,12X,"MANILA AV",BROADWAY,10.00,W,N,A,-,N,,,,,,,,,,N,4,0,1,2,A,-,08,22107,,N,G,B,E,A,C,-,A,A,0,Y,,,,Y,,A,01,0,0,1,0,1,0,0,0,0,"- ","- ",,,ALAMEDA,OAKLAND,-122.24802398681641,37.841419219970703
9522996,2022,2023-01-04,0109,2022-11-16,0821,9904,1,3,5,7,0109,0,0,0,,0,03X,"10TH ST","HARRISON ST",0.00,,Y,A,-,N,,,,,,,,,,N,3,0,1,2,A,-,10,21950,A,N,G,B,B,A,-,-,A,A,0,Y,,,,Y,,A,01,0,1,0,0,1,0,0,0,0,"- ","- ",,,ALAMEDA,OAKLAND,-122.26931762695312,37.800151824951172
9522997,2022,2023-01-04,0109,2022-11-18,0747,9914,2,5,5,7,0109,0,0,0,,0,35X,"82ND AV","BANCROFT AV",0.00,,Y,A,-,N,,,,,,,,,,N,4,0,1,2,A,-,09,21801,A,N,G,G,A,A,H,-,A,A,0,,Y,,,Y,,A,07,0,0,1,0,0,0,1,0,0,"- ","- ",,,ALAMEDA,OAKLAND,-122.17059326171875,37.759986877441406
9522998,2022,2023-01-04,0109,2022-11-13,1830,9675,1,7,5,7,0109,0,0,0,,0,10X,"TELEGRAPH AV","55TH ST",0.00,,Y,A,-,N,,,,,,,,,,N,4,0,1,2,A,-,08,22107,,N,B,G,A,A,H,-,C,A,0,,Y,,,Y,,A,01,0,0,1,0,0,0,1,0,0,"- ","- ",,,ALAMEDA,OAKLAND,-122.26189422607422,37.840213775634766
9523543,2022,2022-12-08,0109,2022-10-06,1349,9987,1,4,5,7,0109,0,0,0,,0,12Y,"CLAREMONT AV","FOREST ST",0.00,,Y,A,-,N,,,,,,,,,,N,4,0,1,2,A,-,12,21453,A,N,H,G,A,A,H,-,A,A,0,,Y,,,Y,,-,"- ",0,0,1,0,0,0,1,0,0,"- ","- ",,,ALAMEDA,OAKLAND,-122.25614929199219,37.844657897949219
9523820,2022,2022-11-23,0109,2022-09-22,1653,9966,2,4,5,7,0109,0,0,0,,0,26Y,"INTERNATIONAL BL","80TH AV",0.00,,Y,A,-,N,,,,,,,,,,N,3,0,1,2,A,-,10,21950,A,N,G,B,B,A,H,-,A,A,0,Y,,,,Y,,A,01,0,1,0,0,1,0,0,0,0,"- ","- ",,,ALAMEDA,OAKLAND,-122.18166351318359,37.756610870361328
9523833,2022,2022-11-21,0109,2022-09-23,1532,10007,1,5,5,7,0109,0,0,0,,0,23X,"34TH AV","INTERNATIONAL BL",0.00,,Y,A,-,N,,,,,,,,,,N,4,0,1,2,A,-,12,21453,A,M,H,B,B,A,H,-,A,A,0,Y,,,,Y,,A,01,0,0,1,0,1,0,0,0,0,"- ","- ",,,ALAMEDA,OAKLAND,-122.22383117675781,37.776664733886719
9524138,2022,2022-12-08,0109,2022-10-28,1616,9742,1,5,5,7,0109,0,0,0,,0,03Y,"14TH ST","MARTIN LUTHER KING WY",25.00,W,N,A,-,N,,,,,,,,,,N,3,0,2,2,A,-,08,22107,,N,D,G,A,A,H,-,A,A,0,,Y,,,Y,,L,04,0,1,1,0,0,0,1,0,0,"- ","- ",,,ALAMEDA,OAKLAND,-122.27604675292969,37.806240081787109
9525523,2022,2023-02-02,0109,2022-12-21,1445,10015,1,3,5,7,0109,0,0,0,,0,14X,"ORANGE ST","PERKINS ST",0.00,,Y,A,-,N,,,,,,,,,,N,2,0,1,2,A,-,10,21950,A,F,G,B,B,A,H,-,A,C,0,Y,,,,Y,,A,07,1,0,0,0,1,0,0,0,0,"- ","- ",,,ALAMEDA,OAKLAND,-122.2567138671875,37.815910339355469
9529016,2022,2022-11-29,0109,2022-10-23,1410,9958,1,7,5,7,0109,0,0,0,,0,12X,"51ST ST","SHATTUCK AV",5.00,E,N,A,-,N,,,,,,,,,,N,3,0,1,2,A,-,11,21453,D,N,G,B,C,A,H,-,A,A,0,Y,,,,Y,,N,60,0,1,0,0,1,0,0,0,0,"- ","- ",,,ALAMEDA,OAKLAND,-122.26414489746094,37.837760925292969
9529017,2022,2022-11-29,0109,2022-10-24,1711,9614,1,1,5,7,0109,0,0,0,,0,02X,"GOSS ST","WOOD ST",0.00,,Y,A,-,N,,,,,,,,,,N,4,0,1,2,A,-,09,21802,A,N,A,G,A,A,H,-,A,A,0,,Y,,,Y,,A,01,0,0,1,0,0,0,1,0,0,"- ","- ",,,ALAMEDA,OAKLAND,-122.30210113525391,37.807712554931641
9529031,2022,2022-11-29,0109,2022-10-02,0500,9917,2,7,5,7,0109,0,0,0,,0,26X,"46TH AV","COLISEUM WY",150.00,N,N,A,-,N,,,,,,,,,,N,3,0,1,2,B,-,22,,,F,A,B,F,A,-,-,B,D,0,Y,,,,Y,,A,01,0,1,0,0,1,0,0,0,0,"- ","- ",,,ALAMEDA,OAKLAND,-122.21736145019531,37.766334533691406
9529032,2022,2022-11-29,0109,2022-10-15,1326,9963,2,6,5,7,0109,0,0,0,,0,33X,"INTERNATIONAL BL","96TH AV",200.00,W,N,B,-,N,,,,,,,,,,N,4,0,1,2,A,-,05,21460,B,M,G,B,D,A,H,-,A,A,0,Y,,,,Y,,A,01,0,0,1,0,1,0,0,0,0,"- ","- ",,,ALAMEDA,OAKLAND,-122.17195892333984,37.7462158203125
9529085,2022,2022-11-21,0109,2022-09-23,0804,9885,2,5,5,7,0109,0,0,0,,0,35X,"BANCROFT AV","94TH AV",180.00,W,N,A,-,N,,,,,,,,,,Y,4,0,1,4,C,-,18,,,N,B,E,F,A,H,-,A,D,0,Y,,,,Y,,-,"- ",0,0,1,0,1,0,0,0,0,"- ","- ",,,ALAMEDA,OAKLAND,-122.16437530517578,37.751617431640625
9529407,2022,2022-11-21,0109,2022-05-11,0830,9113,2,3,5,7,0109,0,0,0,,0,21X,"COOLIDGE AV","23RD ST",0.00,,Y,A,-,N,,,,,,,,,,N,4,0,1,2,A,-,10,21950,A,M,G,B,B,A,H,-,A,A,0,Y,,,,Y,,A,01,0,0,1,0,1,0,0,0,0,"- ","- ",,,ALAMEDA,OAKLAND,-122.22027587890625,37.784572601318359
9536260,2022,2023-01-12,0109,2022-10-22,2044,10036,1,6,5,7,0109,0,0,0,,0,03X,"BRUSH ST","7TH ST",0.00,,Y,A,-,N,,,,,,,,,,N,4,0,1,2,A,-,12,21453,A,M,G,B,B,A,H,-,C,A,0,Y,,,,Y,,D,22,0,0,1,0,1,0,0,0,0,"- ","- ",,,ALAMEDA,OAKLAND,-122.28131866455078,37.802284240722656
9537868,2022,2022-12-22,0109,2022-09-15,1640,10026,2,4,5,7,0109,0,0,0,,0,23X,"INTERNATIONAL BL","33RD ST",20.00,N,N,A,-,N,,,,,,,,,,N,4,0,1,2,A,-,10,21950,A,N,G,B,C,A,-,-,A,A,0,Y,,,,Y,,A,01,0,0,1,0,1,0,0,0,0,"- ","- ",,,ALAMEDA,OAKLAND,-122.22458648681641,37.777008056640625
9539308,2022,2023-02-04,0109,2022-12-27,0657,9657,1,2,5,7,0109,0,0,0,,0,10X,"MARTIN LUTHER KING JR WY","52ND ST",0.00,,Y,A,-,N,,,,,,,,,,N,4,0,1,2,A,-,10,21950,A,N,G,B,B,A,H,-,C,A,0,Y,,,,Y,,A,01,0,0,1,0,1,0,0,0,0,"- ","- ",,,ALAMEDA,OAKLAND,-122.26869964599609,37.837188720703125
9540170,2022,2023-02-21,0109,2022-12-13,0037,9879,2,2,5,7,0109,0,0,0,,0,31Z,"105TH AV","E ST",0.00,,N,A,-,N,,,,,,,,,,N,2,0,1,2,A,-,08,22107,,M,A,C,A,A,H,-,C,D,0,,Y,,,Y,,A,01,1,0,0,0,0,0,1,0,0,"- ","- ",,,ALAMEDA,OAKLAND,-122.17267608642578,37.736469268798828
9540178,2022,2023-02-06,0109,2022-12-26,1716,9996,1,1,5,7,0109,0,0,0,,0,18X,"E 32ND ST","14TH AV",20.00,E,N,C,-,N,,,,,,,,,,N,4,0,1,2,A,-,10,21950,A,N,A,B,B,B,H,-,C,D,0,Y,,,,Y,,A,01,0,0,1,0,1,0,0,0,0,"- ","- ",,,ALAMEDA,OAKLAND,-122.22846221923828,37.799526214599609
9540179,2022,2023-02-06,0109,2022-12-30,1618,9990,2,5,5,7,0109,0,0,0,,0,35X,"HILLSIDE ST","90TH AV",0.00,,Y,C,-,N,,,,,,,,,,N,3,0,1,2,A,-,11,21954,A,N,G,B,D,B,H,-,A,C,0,Y,,,,Y,,N,60,0,1,0,0,1,0,0,0,0,"- ","- ",,,ALAMEDA,OAKLAND,-122.16310882568359,37.754810333251953
9541579,2022,2022-12-28,0109,2022-07-26,1026,10005,2,2,5,7,0109,0,0,0,,0,26X,"50TH AV","COLISEUM WY",0.00,,Y,A,-,N,,,,,,,,,,N,3,0,1,2,A,-,08,22107,,N,G,G,A,A,H,-,A,A,0,,Y,,,Y,,-,,0,1,0,0,0,0,1,0,0,"- ","- ",,,ALAMEDA,OAKLAND,-122.2144775390625,37.764007568359375
9560156,2022,2023-03-21,0109,2022-11-16,1905,9294,1,3,5,7,0109,0,0,0,,0,14X,"GRAND AV","STATEN AV",55.00,W,N,A,-,N,,,,,,,,,,N,4,0,1,2,A,-,08,22107,,N,G,G,A,A,H,-,C,D,0,,Y,,,Y,,A,01,0,0,1,0,0,0,1,0,0,"- ","- ",,,ALAMEDA,OAKLAND,-122.25399017333984,37.808792114257812
9561497,2022,2023-03-27,0109,2022-08-09,1040,9039,2,2,5,7,0109,0,0,0,,0,13Z,"MOUNTAIN BL","ANTIOCH ST",0.00,,Y,A,-,N,,,,,,,,,,N,4,0,1,2,A,-,00,21954,,N,G,B,D,A,H,-,A,D,0,Y,,,,Y,,N,60,0,0,1,0,1,0,0,0,0,"- ","- ",,,ALAMEDA,OAKLAND,-122.20941925048828,37.826011657714844
9566772,2022,2023-05-15,0109,2022-11-30,2249,8881,1,3,5,7,0109,0,0,0,,0,19X,EMBARCADERO,"16TH AV",27.00,W,N,A,-,N,,,,,,,,,,Y,2,0,1,2,A,-,05,21650,1,N,H,G,A,A,H,-,C,A,0,,Y,,,Y,,L,04,1,0,0,0,0,0,1,0,0,"- ","- ",,,ALAMEDA,OAKLAND,-122.24327850341797,37.784156799316406
9586218,2022,2023-06-20,0109,2022-03-24,2033,9781,2,4,5,7,0109,0,0,0,,0,2033,"JOE MORGAN WY","66TH AV",0.00,,Y,A,-,N,,,,,,,,,,N,2,0,1,2,A,-,11,21954,A,N,G,B,D,A,H,-,C,D,0,Y,,,,Y,,N,60,1,0,0,0,1,0,0,0,0,"- ","- ",,,ALAMEDA,OAKLAND,,
9586499,2022,2023-06-06,0109,2022-06-24,0146,9992,1,5,5,7,0109,0,0,0,,0,19X,"E 12TH ST","17TH AV",2.00,W,N,A,-,N,,,,,,,,,,N,2,0,1,2,A,-,03,22350,,F,G,B,E,A,H,-,D,D,0,Y,,,,Y,,-,,1,0,0,0,1,0,0,0,0,"- ","- ",,,ALAMEDA,OAKLAND,-122.243896484375,37.786884307861328
9586656,2022,2023-06-16,0109,2022-10-15,1656,9996,1,6,5,7,0109,0,0,0,,0,19X,"3RD AV","15TH ST",1.00,E,N,B,-,N,,,,,,,,,,N,4,0,1,2,A,-,10,21950,A,N,G,B,B,A,H,-,A,C,0,Y,,,,Y,Y,A,01,0,0,1,0,1,0,0,0,0,"- ","- ",,,ALAMEDA,OAKLAND,-122.25457763671875,37.797882080078125
9586666,2022,2023-06-16,0109,2022-11-23,1143,10035,1,3,5,7,0109,0,0,0,,0,03X,"7TH ST","HARRISON ST",5.00,N,N,A,-,N,,,,,,,,,,N,3,0,1,2,A,-,10,21950,A,N,G,B,B,A,H,-,A,A,0,Y,,,,Y,,A,01,0,1,0,0,1,0,0,0,0,"- ","- ",,,ALAMEDA,OAKLAND,-122.27064514160156,37.798095703125
9595566,2022,2023-06-30,0109,2022-09-21,2016,9960,1,3,5,7,0109,0,0,0,,0,06X,"35TH ST","MARKET ST",30.00,W,N,A,-,N,,,,,,,,,,N,3,0,1,3,D,-,00,,,M,H,G,A,A,H,-,C,D,0,,Y,,,Y,,-,"- ",0,1,0,0,0,0,1,0,0,"- ","- ",,,ALAMEDA,OAKLAND,-122.27529907226562,37.825576782226562
9595585,2022,2023-06-30,0109,2022-09-16,1421,9588,1,5,5,7,0109,0,0,0,,0,19X,"E 12TH ST","8TH AV",3.00,N,N,A,-,N,,,,,,,,,,N,4,0,1,2,D,-,00,,,N,D,B,E,A,H,-,A,A,0,Y,,,,Y,,-,"- ",0,0,1,0,1,0,0,0,0,"- ","- ",,,ALAMEDA,OAKLAND,-122.25230407714844,37.792877197265625
9595589,2022,2023-06-30,0109,2022-12-19,0043,9811,2,1,5,7,0109,0,0,0,,0,33X,"INTERNATIONAL BL","85TH AV",50.00,W,N,A,-,N,,,,,,,,,,N,4,0,1,4,A,-,08,22107,,M,C,E,F,A,H,-,A,A,0,Y,,,,Y,,A,01,0,0,1,0,1,0,0,0,0,"- ","- ",,,ALAMEDA,OAKLAND,-122.17728424072266,37.75341796875
9615025,2022,2023-08-29,0109,2022-11-30,0827,9943,2,3,5,7,0109,0,0,0,,0,32X,"98TH AV","B ST",5.00,N,N,A,-,N,,,,,,,,,,N,3,0,1,2,A,-,10,21950,A,N,G,B,B,A,H,-,A,A,0,Y,,,,Y,,A,01,0,1,0,0,1,0,0,0,0,"- ","- ",,,ALAMEDA,OAKLAND,-122.17387390136719,37.742778778076172
9617586,2022,2023-09-11,0109,2022-10-28,1908,9516,1,5,5,7,0109,0,0,0,,0,03Y,"14TH ST","CASTRO ST",0.00,,Y,A,-,N,,,,,,,,,,Y,4,0,1,2,A,-,12,21453,A,N,H,G,A,A,-,-,C,A,0,,Y,,,Y,,L,04,0,0,1,0,0,0,1,0,0,"- ","- ",,,ALAMEDA,OAKLAND,-122.27711486816406,37.806659698486328
9618228,2022,2023-12-07,0109,2022-11-02,0603,8420,1,3,5,7,0109,0,0,0,,0,05X,"ADELINE ST","W GRAND AV",0.00,,Y,B,-,N,,,,,,,,,,N,4,0,1,2,A,-,12,21453,A,N,D,G,A,B,H,-,C,A,0,,Y,,,Y,,L,04,0,0,1,0,0,0,1,0,0,"- ","- ",,,ALAMEDA,OAKLAND,-122.28397369384766,37.815505981445312
8560631,2018,2018-03-01,0109,2018-02-02,1409,9142,1,5,5,7,0109,0,0,0,,0,03X,"HARRISON ST","12TH ST",5.00,N,N,A,-,N,,,,,,,,,,N,4,0,1,2,A,-,11,21950,B,N,G,B,B,A,H,-,A,A,0,Y,,,,Y,,N,60,0,0,1,0,1,0,0,0,0,"- ","- ",,,ALAMEDA,OAKLAND,-122.26845550537109,37.801563262939453
8560796,2018,2018-03-01,0109,2018-01-24,0807,8658,2,3,5,7,0109,0,0,0,,0,30X,"INTERNATIONAL BL","80TH AV",0.00,,Y,B,-,N,,,,,,,,,,N,4,0,1,2,A,-,06,21951,,N,G,B,B,A,H,-,A,A,0,Y,,,,Y,,A,01,0,0,1,0,1,0,0,0,0,"- ","- ",,,ALAMEDA,OAKLAND,-122.18166351318359,37.756610870361328
8573338,2018,2018-03-21,0109,2018-01-05,2030,9705,1,5,5,7,0109,0,0,0,,0,18X,"EAST 20TH ST","18TH AV",0.00,,Y,C,-,N,,,,,,,,,,N,4,0,1,2,A,-,10,21950,A,N,G,B,B,B,H,-,C,A,0,Y,,,,Y,,A,01,0,0,1,0,1,0,0,0,0,"- ","- ",,,ALAMEDA,OAKLAND,-122.23812866210938,37.791248321533203
8576187,2018,2018-03-27,0109,2018-01-18,1156,8444,1,4,5,7,0109,0,0,0,,0,13X,"MORAGA AV","LA SALLE AV",0.00,,Y,C,-,N,,,,,,,,,,N,4,0,1,2,A,-,10,21950,A,N,G,B,-,B,H,-,A,A,0,Y,,,,Y,,D,22,0,0,1,0,1,0,0,0,0,"- ","- ",,,ALAMEDA,OAKLAND,-122.21056365966797,37.826198577880859
8576223,2018,2018-03-26,0109,2018-01-08,0625,9194,1,1,5,7,0109,0,0,0,,0,09X,"41ST ST",BROADWAY,3.00,E,N,C,-,N,,,,,,,,,,N,3,0,1,2,A,-,10,21950,A,M,G,B,B,B,H,-,C,A,0,Y,,,Y,Y,,F,26,0,1,0,0,1,0,0,0,0,"- ","- ",,,ALAMEDA,OAKLAND,-122.256103515625,37.828475952148438
8576656,2018,2018-03-20,0109,2018-01-08,2155,9220,1,1,5,7,0109,0,0,0,,0,03Y,"WASHINGTON ST","6TH ST",0.00,,Y,C,-,N,,,,,,,,,,N,3,0,1,2,A,-,10,21950,A,N,G,B,B,B,H,-,C,A,0,Y,,,,Y,,A,07,0,1,0,0,1,0,0,0,0,"- ","- ",,,ALAMEDA,OAKLAND,-122.27584838867188,37.799251556396484
8576668,2018,2018-03-20,0109,2018-01-08,1159,9165,1,1,5,7,0109,0,0,0,,0,12X,"63RD ST","COLLEGE AV",0.00,,Y,C,-,N,,,,,,,,,,N,4,0,1,2,A,-,10,21950,A,N,G,B,B,B,H,-,A,D,0,Y,,,,Y,,A,01,0,0,1,0,1,0,0,0,0,"- ","- ",,,ALAMEDA,OAKLAND,-122.25238800048828,37.850349426269531
8576680,2018,2018-03-20,0109,2018-01-10,1834,9235,2,3,5,7,0109,0,0,0,,0,23X,"35TH AV","E 18TH ST",0.00,,Y,B,-,N,,,,,,,,,,N,4,0,1,2,A,-,11,21954,A,N,G,B,D,B,H,-,C,A,0,Y,,,,Y,,N,60,0,0,1,0,1,0,0,0,0,"- ","- ",,,ALAMEDA,OAKLAND,-122.22007751464844,37.780750274658203
8576789,2018,2018-03-20,0109,2018-01-23,1220,8444,1,2,5,7,0109,0,0,0,,0,12X,"CHABOT RD","COLLEGE AV",300.00,E,N,A,-,N,,,,,,,,,,N,4,0,1,2,A,-,08,22107,,N,G,B,E,A,H,-,A,D,0,Y,,,,Y,,A,01,0,0,1,0,1,0,0,0,0,"- ","- ",,,ALAMEDA,OAKLAND,-122.25111389160156,37.847461700439453
8576791,2018,2018-03-19,0109,2018-02-07,0821,8444,1,3,5,7,0109,0,0,0,,0,03X,"7TH ST","CLAY ST",0.00,,Y,A,-,N,,,,,,,,,,N,3,0,1,2,A,-,10,21950,A,N,G,B,B,A,H,-,A,A,0,Y,,,,Y,,A,01,0,1,0,0,1,0,0,0,0,"- ","- ",,,ALAMEDA,OAKLAND,-122.27658843994141,37.800449371337891
8576795,2018,2018-03-19,0109,2018-02-05,1545,8444,2,1,5,7,0109,0,0,0,,0,26X,"INTERNATIONAL BL","70TH AV",50.00,E,N,A,-,N,,,,,,,,,,N,4,0,1,2,A,-,05,21650,1,N,H,G,A,A,C,-,A,D,0,,Y,,,Y,,L,04,0,0,1,0,0,0,1,0,0,"- ","- ",,,ALAMEDA,OAKLAND,-122.18935394287109,37.760269165039062
8577149,2018,2018-03-23,0109,2018-01-19,0815,9538,2,5,5,7,0109,0,0,0,,0,34X,"HOLLY ST","88TH AV",0.00,,Y,A,-,N,,,,,,,,,,N,3,0,3,4,A,-,12,22450,A,F,A,B,B,A,H,-,A,A,0,Y,,,,Y,,A,01,0,2,1,0,3,0,0,0,0,"- ","- ",,,ALAMEDA,OAKLAND,-122.17381286621094,37.75177001953125