CASE_ID,ACCIDENT_YEAR,PROC_DATE,JURIS,COLLISION_DATE,COLLISION_TIME,OFFICER_ID,REPORTING_DISTRICT,DAY_OF_WEEK,CHP_SHIFT,POPULATION,CNTY_CITY_LOC,SPECIAL_COND,BEAT_TYPE,CHP_BEAT_TYPE,CITY_DIVISION_LAPD,CHP_BEAT_CLASS,BEAT_NUMBER,PRIMARY_RD,SECONDARY_RD,DISTANCE,DIRECTION,INTERSECTION,WEATHER_1,WEATHER_2,STATE_HWY_IND,CALTRANS_COUNTY,CALTRANS_DISTRICT,STATE_ROUTE,ROUTE_SUFFIX,POSTMILE_PREFIX,POSTMILE,LOCATION_TYPE,RAMP_INTERSECTION,SIDE_OF_HWY,TOW_AWAY,COLLISION_SEVERITY,NUMBER_KILLED,NUMBER_INJURED,PARTY_COUNT,PRIMARY_COLL_FACTOR,PCF_CODE_OF_VIOL,PCF_VIOL_CATEGORY,PCF_VIOLATION,PCF_VIOL_SUBSECTION,HIT_AND_RUN,TYPE_OF_COLLISION,MVIW,PED_ACTION,ROAD_SURFACE,ROAD_COND_1,ROAD_COND_2,LIGHTING,CONTROL_DEVICE,CHP_ROAD_TYPE,PEDESTRIAN_ACCIDENT,BICYCLE_ACCIDENT,MOTORCYCLE_ACCIDENT,TRUCK_ACCIDENT,NOT_PRIVATE_PROPERTY,ALCOHOL_INVOLVED,STWD_VEHTYPE_AT_FAULT,CHP_VEHTYPE_AT_FAULT,COUNT_SEVERE_INJ,COUNT_VISIBLE_INJ,COUNT_COMPLAINT_PAIN,COUNT_PED_KILLED,COUNT_PED_INJURED,COUNT_BICYCLIST_KILLED,COUNT_BICYCLIST_INJURED,COUNT_MC_KILLED,COUNT_MC_INJURED,PRIMARY_RAMP,SECONDARY_RAMP,LATITUDE,LONGITUDE,COUNTY,CITY,POINT_X,POINT_Y
9049758,2020,2020-09-14,0109,2020-01-31,1846,9784,2,5,5,7,0109,0,0,0,,0,23X,"42ND AV","FOOTHILL BL",0.00,,Y,A,-,N,,,,,,,,,,N,4,0,1,2,-,-,"- ",,B,N,G,B,D,A,H,-,C,A,0,Y,,,,Y,Y,N,60,0,0,1,0,1,0,0,0,0,"- ","- ",,,ALAMEDA,OAKLAND,-122.21321868896484,37.775920867919922
9050335,2020,2020-05-27,0109,2020-02-19,2030,8609,2,3,5,7,0109,0,0,0,,0,26Y,"HEGENBERGER RD","HAMILTON ST",0.00,,Y,B,-,N,,,,,,,,,,N,3,0,1,2,A,-,12,21453,A,M,G,B,B,A,H,-,C,A,0,Y,,,,Y,,A,01,0,1,0,0,1,0,0,0,0,"- ","- ",,,ALAMEDA,OAKLAND,-122.19037628173828,37.756450653076172
9050359,2020,2020-05-27,0109,2020-02-24,1527,9308,1,1,5,7,0109,0,0,0,,0,08X,"40TH ST",BROADWAY,0.00,,Y,A,-,N,,,,,,,,,,N,4,0,1,2,A,-,10,21950,A,M,G,B,B,A,H,-,A,A,0,Y,,,,Y,,A,01,0,0,1,0,1,0,0,0,0,"- ","- ",,,ALAMEDA,OAKLAND,-122.25668334960938,37.827568054199219
9050544,2020,2020-03-10,0109,2020-01-14,1651,8941,2,2,5,7,0109,0,0,0,,0,34X,"82ND AV","OLIVE ST",15.00,S,N,A,-,N,,,,,,,,,,N,3,0,1,2,A,-,08,22107,,M,G,B,E,A,H,-,A,D,0,Y,,,,Y,,A,01,0,1,0,0,1,0,0,0,0,"- ","- ",,,ALAMEDA,OAKLAND,-122.17232513427734,37.759140014648438
9052017,2019,2020-02-27,0109,2019-09-15,1947,9658,1,7,5,7,0109,0,0,0,,0,04X,"14TH ST",BROADWAY,40.00,W,N,A,-,N,,,,,,,,,,N,4,0,1,2,A,-,03,22350,,M,G,B,D,A,H,-,C,D,0,Y,,,,Y,,-,99,0,0,1,0,1,0,0,0,0,"- ","- ",,,ALAMEDA,OAKLAND,-122.27132415771484,37.804370880126953
9052868,2019,2020-02-28,0109,2019-10-11,1831,9802,1,5,5,7,0109,0,0,0,,0,07X,"28TH ST","LINDEN ST",15.00,W,N,A,-,N,,,,,,,,,,N,3,0,1,4,A,-,08,22107,,F,G,B,F,A,H,-,B,A,0,Y,,,,Y,,A,01,0,1,0,0,1,0,0,0,0,"- ","- ",,,ALAMEDA,OAKLAND,-122.28014373779297,37.819812774658203
9052945,2020,2020-03-05,0109,2020-01-23,1945,9479,1,4,5,7,0109,0,0,0,,0,03X,"9TH ST","FALLON ST",100.00,W,N,A,-,N,,,,,,,,,,N,4,0,1,2,A,-,08,22107,,M,H,G,A,A,H,-,C,A,0,,Y,,,Y,,A,01,0,0,1,0,0,0,1,0,0,"- ","- ",,,ALAMEDA,OAKLAND,-122.26415252685547,37.797279357910156
9058081,2020,2020-07-29,0109,2020-01-15,2025,8900,2,3,5,7,0109,0,0,0,,0,23X,"FOOTHILL BL","ROSEDALE AV",0.00,,Y,A,-,N,,,,,,,,,,N,4,0,1,2,A,-,10,21950,A,M,G,B,B,A,H,-,C,D,0,Y,,,,Y,,A,07,0,0,1,0,1,0,0,0,0,FR,"- ",,,ALAMEDA,OAKLAND,-122.21475219726562,37.777290344238281
9062113,2019,2020-03-19,0109,2019-05-29,1859,8959,1,3,5,7,0109,0,0,0,,0,20X,"INTERNATIONAL BL","29TH AV",20.00,W,N,A,-,N,,,,,,,,,,N,3,0,1,2,A,-,13,22515,A,N,G,B,E,A,H,-,A,D,0,Y,,,,Y,,A,01,0,1,0,0,1,0,0,0,0,"- ","- ",,,ALAMEDA,OAKLAND,-122.22916412353516,37.779335021972656
9062204,2019,2020-03-17,0109,2019-08-26,2335,9804,1,1,5,7,0109,0,0,0,,0,03X,"11TH ST","CASTRO ST",0.00,,Y,A,-,N,,,,,,,,,,N,4,0,1,2,A,-,08,22100,B,N,D,G,A,A,H,-,-,A,0,,Y,,,Y,,A,01,0,0,1,0,0,0,1,0,0,"- ","- ",,,ALAMEDA,OAKLAND,-122.27845001220703,37.804599761962891
9062974,2020,2020-06-09,0109,2020-02-28,1031,9471,1,5,5,7,0109,0,0,0,,0,04X,"GRAND AV",MLK,0.00,,Y,A,-,N,,,,,,,,,,N,4,0,1,2,A,-,10,21950,A,M,A,B,B,A,H,-,A,A,0,Y,,,,Y,,A,01,0,0,1,0,1,0,0,0,0,"- ","- ",,,ALAMEDA,OAKLAND,-122.27278137207031,37.812480926513672
9064798,2020,2020-03-26,0109,2020-02-28,0154,9812,1,5,5,7,0109,0,0,0,,0,04X,"TELEGRAPH AV","17TH ST",0.00,,Y,A,-,N,,,,,,,,,,N,4,0,1,2,D,-,00,,,M,D,G,A,A,H,-,C,A,0,,Y,,,Y,,-,"- ",0,0,1,0,0,0,1,0,0,"- ","- ",,,ALAMEDA,OAKLAND,-122.27027130126953,37.806808471679688
9064849,2020,2020-05-20,0109,2020-01-05,1917,9414,2,7,5,7,0109,0,0,0,,0,34X,"INTERNATIONAL BL","85TH AV",15.00,W,N,A,-,N,,,,,,,,,,N,4,0,2,3,A,-,08,22107,,F,C,E,E,A,H,-,C,A,0,Y,,,,Y,,A,07,0,0,2,0,1,0,0,0,0,"- ","- ",,,ALAMEDA,OAKLAND,-122.17731475830078,37.753684997558594
9068848,2020,2020-07-23,0109,2020-04-19,1236,9280,1,7,5,7,0109,0,0,0,,0,34X,"89TH AV","INTERNATIONAL BL",0.00,,Y,A,-,N,,,,,,,,,,N,4,0,1,2,A,-,05,21650,,N,D,G,A,A,H,-,A,A,0,,Y,,,Y,,L,04,0,0,1,0,0,0,1,0,0,"- ","- ",,,ALAMEDA,OAKLAND,-122.17510223388672,37.750461578369141
9068852,2020,2020-07-23,0109,2020-04-28,1720,9094,1,2,5,7,0109,0,0,0,,0,14X,"EUCLID AV","VAN BUREN AV",0.00,,Y,A,-,N,,,,,,,,,,N,3,0,1,2,A,-,10,21950,A,F,D,B,D,A,H,-,A,A,0,Y,,,,Y,,A,01,0,1,0,0,1,0,0,0,0,"- ","- ",,,ALAMEDA,OAKLAND,-122.25144195556641,37.810840606689453
9068891,2020,2020-07-22,0109,2020-04-14,1734,9674,1,2,5,7,0109,0,0,0,,0,17X,"14TH AV","E 29TH ST",500.00,N,N,A,-,N,,,,,,,,,,N,4,0,1,2,A,-,03,22350,,M,C,G,A,A,H,-,A,A,0,,Y,,,Y,,A,08,0,0,1,0,0,0,1,0,0,"- ","- ",,,ALAMEDA,OAKLAND,-122.23210906982422,37.79705810546875
9069521,2020,2020-07-14,0109,2020-03-07,0218,9833,2,6,5,7,0109,0,0,0,,0,30X,"GARFIELD AV","PARKER AV",0.00,,Y,A,-,N,,,,,,,,,,N,4,0,1,2,A,-,10,21950,A,M,G,B,D,B,H,-,C,D,0,Y,,,,Y,,A,01,0,0,1,0,1,0,0,0,0,"- ","- ",,,ALAMEDA,OAKLAND,-122.17228698730469,37.763591766357422
9071784,2019,2020-05-16,0109,2019-06-07,2301,9793,1,5,5,7,0109,0,0,0,,0,05X,"MARKET ST","GRAND AV",0.00,,Y,F,-,N,,,,,,,,,,N,4,0,1,2,A,-,10,21950,A,M,G,B,B,A,H,-,C,A,0,Y,,,,Y,,A,01,0,0,1,0,1,0,0,0,0,"- ","- ",,,ALAMEDA,OAKLAND,-122.27867126464844,37.814449310302734
90719954,2018,2018-05-04,9370,2018-03-24,0446,021645,,6,3,7,0109,0,1,1,,2,176,"I-880 N/B","98TH AVENUE",1531.00,S,N,B,-,Y,,,880,,,,,,N,Y,1,1,0,2,A,-,11,21954,A,N,G,B,E,A,H,-,C,D,0,Y,,,,Y,Y,N,60,0,0,0,1,0,0,0,0,0,"- ","- ",37.728111267089844,-122.18527984619141,ALAMEDA,OAKLAND,-122.18523406982422,37.728153228759766
9072109,2020,2020-03-24,0109,2020-01-07,0716,9788,1,2,5,7,0109,0,0,0,,0,05X,"ADELINE ST","W GRAND AV",0.00,,Y,A,-,N,,,,,,,,,,N,4,0,1,2,A,-,10,21950,A,N,G,B,B,A,H,-,A,A,0,Y,,,,Y,,A,01,0,0,1,0,1,0,0,0,0,"- ","- ",,,ALAMEDA,OAKLAND,-122.28397369384766,37.815509796142578
9072465,2020,2020-06-10,0109,2020-03-02,1923,9682,2,1,5,7,0109,0,0,0,,0,31Z,"105TH AV","ACALANES DR",0.00,,Y,A,-,N,,,,,,,,,,N,4,0,1,2,A,-,10,21950,A,M,G,B,B,A,H,-,C,D,0,Y,,,,Y,,A,01,0,0,1,0,1,0,0,0,0,"- ","- ",,,ALAMEDA,OAKLAND,-122.17852783203125,37.733139038085938
90735270,2018,2018-05-28,9370,2018-04-12,2105,020881,,4,2,7,0109,0,1,1,,2,052,"I-580 W/B","HIGH ST",392.00,W,N,A,-,Y,,,580,,,,,,W,N,1,1,0,3,A,-,11,21954,A,N,G,B,E,A,H,-,D,D,0,Y,,,,Y,,N,60,0,0,0,1,0,0,0,0,0,"- ","- ",37.787368774414062,-122.19674682617188,ALAMEDA,OAKLAND,-122.19676971435547,37.787334442138672
9076306,2019,2020-06-22,0109,2019-11-08,2252,9661,1,5,5,7,0109,0,0,0,,0,03X,"14TH ST","MADISON ST",20.00,W,N,A,-,N,,,,,,,,,,N,4,0,1,2,A,-,00,21760,D,N,B,G,A,A,H,-,C,A,0,,Y,,,Y,,A,01,0,0,1,0,0,0,1,0,0,"- ","- ",,,ALAMEDA,OAKLAND,-122.26412200927734,37.801532745361328
9076378,2019,2020-03-26,0109,2019-09-19,0737,9349,1,4,5,7,0109,0,0,0,,0,19X,"E 15TH ST","23RD AV",0.00,,Y,A,-,N,,,,,,,,,,N,4,0,1,2,A,-,05,21650,1,N,D,G,A,A,H,-,A,A,0,,Y,,,Y,,L,04,0,0,1,0,0,0,1,0,0,"- ","- ",,,ALAMEDA,OAKLAND,-122.23515319824219,37.78424072265625
9077408,2019,2020-05-15,0109,2019-12-01,1800,9624,1,7,5,7,0109,0,0,0,,0,21X,"FOOTHILL BL","23RD AV",100.00,E,N,A,-,N,,,,,,,,,,N,4,0,1,2,A,-,11,21955,,N,G,B,D,A,H,-,C,A,0,Y,,,,Y,,N,60,0,0,1,0,1,0,0,0,0,"- ","- ",,,ALAMEDA,OAKLAND,-122.23382568359375,37.785060882568359
90828275,2018,2018-10-04,9370,2018-09-26,1815,022086,,3,2,7,0109,0,1,A,,2,748,"EDES AVENUE, 500 BLOCK","WORTH ST",450.00,N,N,A,-,N,,,,,,,,,,N,4,0,1,2,C,-,18,,,N,G,G,A,A,H,-,B,D,0,,Y,,,Y,,-,"- ",0,0,1,0,0,0,1,0,0,"- ","- ",37.442371368408203,-122.1138916015625,ALAMEDA,OAKLAND,-122.19406890869141,37.739761352539062
90840691,2018,2018-10-22,9370,2018-10-19,2048,021866,,5,2,7,0109,0,1,1,,2,176,"I-880 S/B FROM HEGENBERGER ROAD","I-880 S/B TO HEGENBERGER ROAD",237.00,N,N,A,-,Y,,,880,,,,R,,S,Y,2,0,1,2,A,-,01,23152,A,F,G,B,E,A,H,-,C,D,0,Y,,,,Y,Y,A,07,1,0,0,0,1,0,0,0,0,"- ","- ",37.740119934082031,-122.19670104980469,ALAMEDA,OAKLAND,-122.19670104980469,37.740119934082031
90842921,2018,2018-10-23,9370,2018-10-12,2101,021357,,5,2,7,0109,0,1,1,,2,177,"I-880 S/B FROM ADELINE STREET","BRUSH ST",50.00,S,N,A,-,Y,,,,,,,,,,Y,2,0,1,2,A,-,11,21954,A,N,G,B,E,A,H,-,C,D,0,Y,,,,Y,,N,60,1,0,0,0,1,0,0,0,0,"- ","- ",37.483791351318359,-122.16548919677734,ALAMEDA,OAKLAND,-122.2818603515625,37.801120758056641
90854528,2018,2018-11-06,9370,2018-10-27,1854,021457,,6,2,7,0109,0,1,1,,2,055,"I-580 E/B TO W. MACARTHUR BLVD","WATTS ST",120.00,W,N,A,-,Y,,,580,,,,R,,E,N,2,0,1,2,A,-,11,21954,A,N,G,B,E,A,H,-,C,D,0,Y,,,,Y,,N,60,1,0,0,0,1,0,0,0,0,"- ","- ",37.827919006347656,-122.28182220458984,ALAMEDA,OAKLAND,-122.28182220458984,37.827919006347656
9089867,2020,2020-06-24,0109,2020-03-05,0046,9833,2,4,5,7,0109,0,0,0,,0,30X,"MACARTHUR BL","82ND AV",280.00,W,N,A,-,N,,,,,,,,,,N,2,0,1,2,A,-,08,22107,,F,G,B,E,A,H,-,C,D,0,Y,,,,Y,,-,99,1,0,0,0,1,0,0,0,0,"- ","- ",,,ALAMEDA,OAKLAND,-122.16544342041016,37.763324737548828
9089871,2020,2020-06-24,0109,2020-03-30,1815,8958,2,1,5,7,0109,0,0,0,,0,26X,"73RD AV","INTERNATIONAL BL",0.00,,Y,A,-,N,,,,,,,,,,N,4,0,1,2,A,-,12,21453,A,M,B,G,A,A,H,-,A,A,0,,Y,,,Y,,L,04,0,0,1,0,0,0,1,0,0,"- ","- ",,,ALAMEDA,OAKLAND,-122.18708038330078,37.759208679199219
90899491,2018,2019-01-08,9370,2018-08-12,0227,021803,,7,3,7,0109,0,1,1,,2,176,"I-880 N/B","HEGENBERGER ROAD",1260.00,N,N,A,-,Y,,,,,,,,,,Y,1,1,1,5,A,-,01,23152,A,N,G,B,E,A,H,-,C,D,0,Y,,,,Y,Y,A,01,0,1,0,1,1,0,0,0,0,"- ","- ",37.443901062011719,-122.11576080322266,ALAMEDA,OAKLAND,-122.19903564453125,37.743759155273438
9096528,2019,2020-05-16,0109,2019-11-23,0813,9793,1,6,5,7,0109,0,0,0,,0,03X,BROADWAY,"11TH ST",5.00,S,N,A,-,N,,,,,,,,,,N,4,0,1,2,A,-,10,21950,A,N,G,B,B,A,H,-,A,A,0,Y,,,,Y,,A,07,0,0,1,0,1,0,0,0,0,"- ","- ",,,ALAMEDA,OAKLAND,-122.27249145507812,37.802227020263672
9098025,2020,2020-11-05,0109,2020-05-11,1337,9716,2,1,5,7,0109,0,0,0,,0,34X,"BIRCH ST","90TH AV",0.00,,Y,C,-,N,,,,,,,,,,N,4,0,1,2,A,-,10,21950,A,N,G,B,B,B,H,-,A,D,0,Y,,,,Y,,A,01,0,0,1,0,1,0,0,0,0,"- ","- ",,,ALAMEDA,OAKLAND,-122.16927337646484,37.751949310302734
9098482,2020,2020-07-07,0109,2020-03-27,2040,8347,1,5,5,7,0109,0,0,0,,0,04X,"16TH ST","TELEGRAPH AV",5.00,W,N,A,-,N,,,,,,,,,,N,4,0,1,2,A,-,10,21950,A,N,G,B,B,A,H,-,C,A,0,Y,,,,Y,,A,01,0,0,1,0,1,0,0,0,0,"- ","- ",,,ALAMEDA,OAKLAND,-122.27046966552734,37.806095123291016
9100791,2020,2020-10-29,0109,2020-05-12,1000,8959,1,2,5,7,0109,0,0,0,,0,21X,"26TH AV","E 20TH ST",15.00,S,N,B,-,N,,,,,,,,,,N,4,0,1,2,D,-,00,,,N,H,B,F,B,H,-,A,D,0,Y,,,,Y,,-,"- ",0,0,1,0,1,0,0,0,0,"- ","- ",,,ALAMEDA,OAKLAND,-122.22824859619141,37.785335540771484
9101212,2020,2020-07-30,0109,2020-04-27,1258,9845,1,1,5,7,0109,0,0,0,,0,19X,"E 12TH ST","7TH AV",0.00,,Y,A,-,N,,,,,,,,,,N,3,0,1,2,A,-,10,21950,A,N,D,-,B,A,H,-,A,A,0,Y,,,,Y,,D,22,0,1,0,0,1,0,0,0,0,"- ","- ",,,ALAMEDA,OAKLAND,-122.25312805175781,37.793590545654297
9105503,2020,2020-08-03,0109,2020-04-02,1541,9664,1,4,5,7,0109,0,0,0,,0,04X,"16TH ST","JEFFERSON ST",0.00,,Y,A,-,N,,,,,,,,,,N,4,0,1,2,A,-,12,21453,A,N,H,G,A,A,H,-,A,A,0,,Y,,,Y,Y,L,04,0,0,1,0,0,0,1,0,0,"- ","- ",,,ALAMEDA,OAKLAND,-122.27394866943359,37.807071685791016
9105522,2020,2020-08-04,0109,2020-04-14,1559,9544,1,2,5,7,0109,0,0,0,,0,22X,"SKYLINE DR","CASTLE DR",0.00,,Y,A,-,N,,,,,,,,,,N,4,0,2,2,A,-,05,21651,B,N,A,G,A,A,H,-,A,C,0,,Y,Y,,Y,,L,04,0,0,2,0,0,0,1,0,1,"- ","- ",,,ALAMEDA,OAKLAND,-122.18820190429688,37.819889068603516
9110132,2020,2020-11-02,0109,2020-05-18,1620,9655,1,1,5,7,0109,0,0,0,,0,06X,"40TH ST","MARTIN LUTHER KING JR WY",0.00,,Y,A,-,N,,,,,,,,,,N,4,0,1,2,A,-,12,21453,A,N,H,G,A,A,H,-,A,A,0,,Y,,,Y,,L,04,0,0,1,0,0,0,1,0,0,"- ","- ",,,ALAMEDA,OAKLAND,-122.2684326171875,37.829769134521484
9111181,2020,2020-08-10,0109,2020-04-06,1547,9895,1,1,5,7,0109,0,0,0,,0,24Y,"HAGEMAN AV","35TH AV",0.00,,Y,C,-,N,,,,,,,,,,Y,4,0,1,2,A,-,09,21802,A,N,G,C,E,B,H,-,A,D,0,Y,,,,Y,,N,60,0,0,1,0,1,0,0,0,0,"- ","- ",,,ALAMEDA,OAKLAND,-122.20587921142578,37.790611267089844
9112630,2020,2020-07-30,0109,2020-04-11,1505,9466,2,6,5,7,0109,0,0,0,,0,34X,"INTERNATIONAL BL","86TH AV",0.00,,Y,A,-,N,,,,,,,,,,N,4,0,1,2,A,-,05,21650,1,N,D,G,A,A,H,-,A,A,0,,Y,,,Y,,L,04,0,0,1,0,0,0,1,0,0,"- ","- ",,,ALAMEDA,OAKLAND,-122.17671966552734,37.752899169921875
9114612,2020,2020-08-25,0109,2020-05-22,1550,9197,1,5,5,7,0109,0,0,0,,0,12Y,"COLLEGE AV",BRYANT,100.00,N,N,A,-,N,,,,,,,,,,N,3,0,1,2,A,-,17,22517,,N,H,G,A,A,H,-,A,D,0,,Y,,,Y,,A,01,0,1,0,0,0,0,1,0,0,"- ","- ",,,ALAMEDA,OAKLAND,-122.25130462646484,37.838253021240234
9114620,2020,2020-08-25,0109,2020-05-09,1707,9582,2,6,5,7,0109,0,0,0,,0,30Y,"CHURCH ST","FOOTHILL BL",40.00,N,N,A,-,N,,,,,,,,,,N,2,0,1,2,A,-,03,22350,,N,G,B,D,A,H,-,A,D,0,Y,,,,Y,,A,01,1,0,0,0,1,0,0,0,0,"- ","- ",,,ALAMEDA,OAKLAND,-122.17740631103516,37.769840240478516
9114632,2020,2020-08-25,0109,2020-05-31,1331,9890,1,7,5,7,0109,0,0,0,,0,21X,"FRUITVALE AV","E 16TH ST",0.00,,Y,A,-,N,,,,,,,,,,N,4,0,1,2,A,-,21,22106,,N,G,B,E,A,H,-,A,A,0,Y,,,,Y,,A,01,0,0,1,0,1,0,0,0,0,"- ","- ",,,ALAMEDA,OAKLAND,-122.22473907470703,37.779788970947266
9115508,2019,2020-07-01,0109,2019-10-02,0812,9856,1,3,5,7,0109,0,0,0,,0,04X,10THST,"FALLON ST",10.00,E,N,A,-,N,,,,,,,,,,N,4,0,1,2,A,-,05,21650,1,N,H,G,A,A,H,-,A,A,0,,Y,,,Y,,L,04,0,0,1,0,0,0,1,0,0,"- ","- ",,,ALAMEDA,OAKLAND,-122.26338958740234,37.797836303710938
91193942,2020,2020-02-26,9335,2020-02-18,1120,016274,,2,1,7,0109,0,1,A,,2,090,"BAY BRIDGE TRAIL W/B","210 BURMA RD.",50.00,W,N,A,-,Y,,,,,,,,,,N,3,0,1,1,B,-,22,,,N,F,G,A,A,H,-,A,D,0,,Y,,,Y,,L,04,0,1,0,0,0,0,1,0,0,"- ","- ",37.823158264160156,-122.31551361083984,ALAMEDA,OAKLAND,,
9119447,2020,2020-09-10,0109,2020-06-11,1717,8769,1,4,5,7,0109,0,0,0,,0,009,"KINGSTON AV","MONTE VISTA AV",50.00,N,N,A,-,N,,,,,,,,,,N,3,0,1,2,A,-,08,22107,,N,A,C,A,A,H,-,A,A,0,,Y,,,Y,,L,04,0,1,0,0,0,0,1,0,0,"- ","- ",,,ALAMEDA,OAKLAND,-122.25006866455078,37.822956085205078
91201873,2020,2020-03-04,9370,2020-02-25,1942,021117,,2,2,7,0109,0,1,1,,2,178,"I-880 N/B TO I-80 E/B","W GRAND AVE",1900.00,S,N,A,-,Y,,,880,,,,R,,N,N,4,0,1,2,A,-,11,21954,A,N,G,B,E,A,H,-,D,D,0,Y,,,,Y,,N,60,0,0,1,0,1,0,0,0,0,"- ","- ",37.815101623535156,-122.29937744140625,ALAMEDA,OAKLAND,-122.29937744140625,37.815101623535156
9121951,2020,2020-08-20,0109,2020-05-23,1954,9592,2,6,5,7,0109,0,0,0,,0,23X,"35TH AV","SAN LEANDRO ST",30.00,E,N,A,-,N,,,,,,,,,,N,4,0,1,4,A,-,08,22107,,N,A,E,E,A,H,-,A,A,0,Y,,,,Y,,A,01,0,0,1,0,1,0,0,0,0,"- ","- ",,,ALAMEDA,OAKLAND,-122.22420501708984,37.774101257324219
91223840,2020,2020-04-10,9370,2020-04-07,1815,021093,,2,2,7,0109,0,1,1,,2,176,"I-880 N/B","29TH AVE",750.00,S,N,B,-,Y,,,880,,,,,,N,Y,2,0,1,2,A,-,11,21954,A,N,G,B,E,A,H,-,A,D,0,Y,,,,Y,,N,60,1,0,0,0,1,0,0,0,0,"- ","- ",37.774318695068359,-122.23090362548828,ALAMEDA,OAKLAND,-122.23091125488281,37.774276733398438
9123022,2020,2020-10-13,0109,2020-07-01,1740,8811,1,3,5,7,0109,0,0,0,,0,20X,"E 12TH ST","FRUITVALE AV",150.00,W,N,A,-,N,,,,,,,,,,N,4,0,2,2,A,-,11,21954,A,N,G,B,D,A,H,-,A,D,0,Y,,Y,,Y,,N,60,0,0,2,0,1,0,0,0,1,"- ","- ",,,ALAMEDA,OAKLAND,-122.22699737548828,37.7763671875
91235652,2020,2020-05-11,9370,2020-03-31,2125,022311,,2,2,7,0109,0,1,1,,2,055,"I-580 W/B","HOLLIS ST",150.00,W,N,A,-,Y,,,580,,,,,,W,Y,1,1,0,2,A,-,11,21954,A,F,G,B,E,A,H,-,C,D,0,Y,,,,Y,Y,N,60,0,0,0,1,0,0,0,0,0,"- ","- ",37.8272705078125,-122.28468322753906,ALAMEDA,OAKLAND,-122.28468322753906,37.827289581298828
91245479,2020,2020-06-01,9370,2020-04-17,0840,021766,,5,1,7,0109,0,1,1,,2,176,"I-880 N/B","HEGENBERGER RD",40.00,S,N,B,-,Y,,,880,,,,,,N,Y,1,1,1,2,A,-,11,21954,A,N,G,B,E,A,H,-,A,D,0,Y,,,,Y,,N,60,0,1,0,1,0,0,0,0,0,"- ","- ",37.740371704101562,-122.19609069824219,ALAMEDA,OAKLAND,-122.19603729248047,37.74041748046875
91273052,2020,2020-07-23,9370,2020-05-14,2335,021708,,4,3,7,0109,0,1,1,,2,176,"I-880 S/B","29TH AVE",56.00,S,N,A,-,Y,,,880,,,,,,S,N,1,1,0,2,A,-,11,21954,A,F,G,B,E,A,H,-,D,D,0,Y,,,,Y,Y,N,60,0,0,0,1,0,0,0,0,0,"- ","- ",37.774940490722656,-122.23322296142578,ALAMEDA,OAKLAND,-122.23323822021484,37.774898529052734
91282089,2020,2020-09-17,9370,2020-06-12,0245,021093,,5,3,7,0109,0,1,1,,2,008,"I-80 W/B","SFOBB TOLL PLAZA",3745.00,E,N,B,-,Y,,,80,,,,,,W,N,1,1,0,2,A,-,11,21954,A,N,G,B,E,A,H,-,D,D,0,Y,,,,Y,,N,60,0,0,0,1,0,0,0,0,0,"- ","- ",37.826210021972656,-122.30085754394531,ALAMEDA,OAKLAND,-122.30089569091797,37.82635498046875
9129734,2020,2020-08-05,0109,2020-07-08,1146,9559,2,3,5,7,0109,0,0,0,,0,30Y,"GARFIELD AV","74TH AV",50.00,W,N,A,-,N,,,,,,,,,,N,3,0,1,2,A,-,06,21760,,F,B,G,A,A,H,-,A,C,0,,Y,,,Y,,A,01,0,1,0,0,0,0,1,0,0,"- ","- ",,,ALAMEDA,OAKLAND,-122.17512512207031,37.766368865966797
9133478,2020,2020-09-16,0109,2020-06-30,0755,8658,2,2,5,7,0109,0,0,0,,0,18Y,"E 29TH ST","19TH AV",5.00,E,N,A,-,N,,,,,,,,,,N,2,0,1,2,A,-,10,21950,A,N,G,B,B,A,H,-,A,A,0,Y,,,,Y,,A,01,1,0,0,0,1,0,0,0,0,"- ","- ",,,ALAMEDA,OAKLAND,-122.23062896728516,37.797447204589844
9133484,2020,2020-09-14,0109,2020-06-11,1424,9885,1,4,5,7,0109,0,0,0,,0,22X,"FRUITVALE AV","BIENATI WY",80.00,N,N,A,-,N,,,,,,,,,,N,4,0,1,2,A,-,08,22107,,M,D,G,A,A,H,-,A,D,0,,Y,,,Y,,A,01,0,0,1,0,0,0,1,0,0,"- ","- ",,,ALAMEDA,OAKLAND,-122.21649932861328,37.799457550048828