CASE_ID,ACCIDENT_YEAR,PROC_DATE,JURIS,COLLISION_DATE,COLLISION_TIME,OFFICER_ID,REPORTING_DISTRICT,DAY_OF_WEEK,CHP_SHIFT,POPULATION,CNTY_CITY_LOC,SPECIAL_COND,BEAT_TYPE,CHP_BEAT_TYPE,CITY_DIVISION_LAPD,CHP_BEAT_CLASS,BEAT_NUMBER,PRIMARY_RD,SECONDARY_RD,DISTANCE,DIRECTION,INTERSECTION,WEATHER_1,WEATHER_2,STATE_HWY_IND,CALTRANS_COUNTY,CALTRANS_DISTRICT,STATE_ROUTE,ROUTE_SUFFIX,POSTMILE_PREFIX,POSTMILE,LOCATION_TYPE,RAMP_INTERSECTION,SIDE_OF_HWY,TOW_AWAY,COLLISION_SEVERITY,NUMBER_KILLED,NUMBER_INJURED,PARTY_COUNT,PRIMARY_COLL_FACTOR,PCF_CODE_OF_VIOL,PCF_VIOL_CATEGORY,PCF_VIOLATION,PCF_VIOL_SUBSECTION,HIT_AND_RUN,TYPE_OF_COLLISION,MVIW,PED_ACTION,ROAD_SURFACE,ROAD_COND_1,ROAD_COND_2,LIGHTING,CONTROL_DEVICE,CHP_ROAD_TYPE,PEDESTRIAN_ACCIDENT,BICYCLE_ACCIDENT,MOTORCYCLE_ACCIDENT,TRUCK_ACCIDENT,NOT_PRIVATE_PROPERTY,ALCOHOL_INVOLVED,STWD_VEHTYPE_AT_FAULT,CHP_VEHTYPE_AT_FAULT,COUNT_SEVERE_INJ,COUNT_VISIBLE_INJ,COUNT_COMPLAINT_PAIN,COUNT_PED_KILLED,COUNT_PED_INJURED,COUNT_BICYCLIST_KILLED,COUNT_BICYCLIST_INJURED,COUNT_MC_KILLED,COUNT_MC_INJURED,PRIMARY_RAMP,SECONDARY_RAMP,LATITUDE,LONGITUDE,COUNTY,CITY,POINT_X,POINT_Y
9134121,2020,2020-08-07,0109,2020-04-17,0642,8881,1,5,5,7,0109,0,0,0,,0,04X,"LAKESIDE DR","JACKSON ST",25.00,W,N,B,-,N,,,,,,,,,,N,3,0,2,2,D,-,00,,,N,G,B,B,A,H,-,A,A,0,Y,Y,,,Y,,-,"- ",0,1,1,0,1,0,1,0,0,"- ","- ",,,ALAMEDA,OAKLAND,-122.26275634765625,37.806060791015625
9134331,2020,2020-10-01,0109,2020-07-22,1650,9488,1,3,5,7,0109,0,0,0,,0,04X,"14TH ST","WEBSTER ST",0.00,,Y,A,-,N,,,,,,,,,,N,3,0,1,2,A,-,10,21950,A,N,G,B,B,A,H,-,A,A,0,Y,,,,Y,,D,22,0,1,0,0,1,0,0,0,0,"- ","- ",,,ALAMEDA,OAKLAND,-122.268798828125,37.803371429443359
9134777,2020,2020-10-01,0109,2020-08-11,1200,8051,1,2,5,7,0109,0,0,0,,0,07X,"SAN PABLO AV",BROCKHURST,100.00,N,N,B,-,N,,,,,,,,,,N,3,0,1,2,A,-,08,22107,,N,C,G,A,A,H,-,A,D,0,,Y,,,Y,,L,04,0,1,0,0,0,0,1,0,0,"- ","- ",,,ALAMEDA,OAKLAND,-122.27764129638672,37.823875427246094
9134784,2020,2020-09-30,0109,2020-08-06,1449,8769,1,4,5,7,0109,0,0,0,,0,11X,"TELEGRAPH AV","65TH ST",100.00,N,N,A,-,N,,,,,,,,,,N,4,0,1,2,A,-,08,22107,,N,B,G,A,A,H,-,A,A,0,,Y,,,Y,,A,01,0,0,1,0,0,0,1,0,0,"- ","- ",,,ALAMEDA,OAKLAND,-122.26039123535156,37.851303100585938
9136274,2020,2020-10-05,0109,2020-07-16,0756,8881,1,4,5,7,0109,0,0,0,,0,03X,"10TH ST","JACKSON ST",0.00,,Y,A,-,N,,,,,,,,,,N,4,0,1,2,A,-,12,21453,A,N,D,G,A,A,H,-,A,A,0,,Y,,,Y,,A,01,0,0,1,0,0,0,1,0,0,"- ","- ",,,ALAMEDA,OAKLAND,-122.26695251464844,37.799221038818359
9136279,2020,2020-10-05,0109,2020-07-29,0856,8658,1,3,5,7,0109,0,0,0,,0,06X,"MARKET ST","BROOKHURST ST",2.00,S,N,B,-,N,,,,,,,,,,Y,4,0,1,2,A,-,09,21802,A,N,B,G,A,A,H,-,A,A,0,,Y,,,Y,,A,01,0,0,1,0,0,0,1,0,0,"- ","- ",,,ALAMEDA,OAKLAND,-122.27577972412109,37.823246002197266
9136408,2020,2020-08-14,0109,2020-05-09,1713,9431,2,6,5,7,0109,0,0,0,,0,32Y,"94TH AV","A ST",100.00,S,N,A,-,N,,,,,,,,,,Y,2,0,1,4,A,-,01,23152,A,N,A,C,E,A,H,-,A,A,0,Y,,,,Y,Y,A,07,1,0,0,0,1,0,0,0,0,"- ","- ",,,ALAMEDA,OAKLAND,-122.17462158203125,37.746231079101562
9137618,2020,2020-09-04,0109,2020-06-23,1640,9533,1,2,5,7,0109,0,0,0,,0,007,"ADELINE ST","34TH ST",40.00,N,N,B,-,N,,,,,,,,,,N,3,0,1,2,-,-,"- ",,B,N,G,B,D,A,H,-,A,D,0,Y,,,,Y,,N,60,0,1,0,0,1,0,0,0,0,"- ","- ",,,ALAMEDA,OAKLAND,-122.28028869628906,37.825607299804688
9137669,2020,2020-10-28,0109,2020-08-04,2151,9259,2,2,5,7,0109,0,0,0,,0,26Y,"SAN LEANDRO ST","SEMINARY AV",0.00,,Y,A,-,N,,,,,,,,,,N,4,0,1,2,A,-,10,21950,A,M,G,-,B,-,H,-,C,A,0,Y,,,,Y,,D,22,0,0,1,0,1,0,0,0,0,"- ","- ",,,ALAMEDA,OAKLAND,-122.20559692382812,37.760879516601562
9138199,2020,2020-09-29,0109,2020-07-31,1809,8265,1,5,5,7,0109,0,0,0,,0,13Y,"TUNNEL RD","BAY FOREST DR",300.00,E,N,A,-,N,,,,,,,,,,N,4,0,1,2,A,-,05,21460,A,N,B,G,A,A,H,-,A,D,0,,Y,,Y,Y,,F,27,0,0,1,0,0,0,1,0,0,"- ","- ",,,ALAMEDA,OAKLAND,-122.21965789794922,37.858833312988281
9142301,2020,2020-09-29,0109,2020-07-11,1722,9259,2,6,5,7,0109,0,0,0,,0,27Y,"55TH AV","INTERNATIONAL BL",200.00,N,N,A,-,N,,,,,,,,,,N,2,0,1,2,A,-,05,21202,A,N,B,G,A,A,H,-,A,D,0,,Y,,,Y,,L,04,1,0,0,0,0,0,1,0,0,"- ","- ",,,ALAMEDA,OAKLAND,-122.20317077636719,37.767452239990234
9143237,2020,2020-09-02,0109,2020-03-31,2354,9591,2,2,5,7,0109,0,0,0,,0,29X,"61ST AV","FOOTHILL BL",0.00,,Y,A,-,N,,,,,,,,,,N,2,0,1,2,-,-,"- ",,A,F,G,B,D,A,H,-,C,A,0,Y,,,,Y,,-,99,1,0,0,0,1,0,0,0,0,"- ","- ",,,ALAMEDA,OAKLAND,-122.18789672851562,37.771198272705078
91432631,2021,2021-03-22,9370,2021-03-10,1237,018499,,3,1,7,0109,0,1,1,,2,008,"I-80 W/B","I-880 N/B TO I-80 E/B",670.00,E,N,B,-,Y,,,80,,,,,,W,Y,2,0,2,3,A,-,03,22350,,N,G,B,E,B,H,-,A,D,0,Y,,,,Y,,A,01,1,0,1,0,1,0,0,0,0,"- ","- ",37.825698852539062,-122.30339050292969,ALAMEDA,OAKLAND,-122.30341339111328,37.825839996337891
9144279,2020,2020-10-14,0109,2020-08-04,1843,9864,1,2,5,7,0109,0,0,0,,0,09X,"41ST ST","HOWE ST",0.00,,Y,A,-,N,,,,,,,,,,N,3,0,2,2,A,-,10,21950,A,N,H,B,B,A,H,-,A,A,0,Y,Y,,,Y,,L,04,0,1,1,0,1,0,1,0,0,"- ","- ",,,ALAMEDA,OAKLAND,-122.25325012207031,37.827041625976562
9151066,2020,2020-09-18,0109,2020-07-07,1300,9887,2,2,5,7,0109,0,0,0,,0,26X,"INTERNATIONAL BL","71ST AV",0.00,,Y,A,-,N,,,,,,,,,,N,4,0,1,2,A,-,12,22450,A,M,A,G,A,A,H,-,A,A,0,,Y,,,Y,,A,01,0,0,1,0,0,0,1,0,0,"- ","- ",,,ALAMEDA,OAKLAND,-122.18910980224609,37.760158538818359
9151071,2020,2020-09-18,0109,2020-07-24,2307,9807,1,5,5,7,0109,0,0,0,,0,02Y,"7TH ST","FILBERT  ST",300.00,W,N,A,-,N,,,,,,,,,,N,3,0,1,2,A,-,21,22106,,F,G,B,C,A,H,-,B,A,0,Y,,,,Y,,A,01,0,1,0,0,1,0,0,0,0,"- ","- ",,,ALAMEDA,OAKLAND,-122.28601837158203,37.803325653076172
9151084,2020,2020-09-21,0109,2020-05-31,0513,9644,1,7,5,7,0109,0,0,0,,0,19X,"MARIN WAY","19TH AV",100.00,W,N,A,-,N,,,,,,,,,,N,2,0,1,4,A,-,08,22107,,F,B,G,A,A,H,-,B,D,0,,Y,,,Y,,-,99,1,0,0,0,0,0,1,0,0,"- ","- ",,,ALAMEDA,OAKLAND,-122.24089050292969,37.787029266357422
91525939,2021,2021-07-22,9370,2021-07-18,0022,022288,,7,3,7,0109,0,1,1,,2,053,"I-580 E/B","SHEFFIELD AVE",230.00,W,N,A,-,Y,,,580,,,,,,E,Y,2,0,1,4,A,-,01,23152,A,N,C,C,E,A,H,-,D,D,0,Y,,Y,,Y,Y,A,01,1,0,0,0,1,0,0,0,0,"- ","- ",37.799289703369141,-122.22190093994141,ALAMEDA,OAKLAND,-122.22189331054688,37.799335479736328
9153255,2020,2020-10-23,0109,2020-08-26,2315,9070,2,3,5,7,0109,0,0,0,,0,07X,"PERALTA ST","HANNAH  ST",0.00,,Y,B,-,N,,,,,,,,,,N,4,0,1,2,A,-,09,21801,A,N,H,G,A,A,H,-,C,D,0,,Y,,,Y,,A,07,0,0,1,0,0,0,1,0,0,"- ","- ",,,ALAMEDA,OAKLAND,-122.28608703613281,37.821239471435547
9153259,2020,2020-10-23,0109,2020-08-22,1800,9278,2,6,5,7,0109,0,0,0,,0,30X,"80TH AV","INTERNATIONAL BL",50.00,N,N,A,-,N,,,,,,,,,,N,4,0,1,3,A,-,08,22107,,F,B,B,E,A,H,-,A,D,0,Y,,,,Y,,D,22,0,0,1,0,1,0,0,0,0,"- ","- ",,,ALAMEDA,OAKLAND,-122.1815185546875,37.756683349609375
9155036,2020,2020-10-27,0109,2020-08-30,0832,9372,2,7,5,7,0109,0,0,0,,0,23X,"FOOTHILL BL","HARRINGTON ST",0.00,,Y,A,-,N,,,,,,,,,,N,4,0,1,2,A,-,08,22107,,N,H,G,A,A,H,-,A,D,0,,Y,,,Y,,-,"- ",0,0,1,0,0,0,1,0,0,"- ","- ",,,ALAMEDA,OAKLAND,-122.2176513671875,37.779888153076172
9155544,2020,2020-11-06,0109,2020-09-01,1622,9533,1,2,5,7,0109,0,0,0,,0,03X,"14TH ST","FRANKLIN ST",40.00,W,N,A,-,N,,,,,,,,,,N,3,0,1,3,A,-,08,22107,,N,B,B,E,A,H,-,A,D,0,Y,,,,Y,,A,01,0,1,0,0,1,0,0,0,0,"- ","- ",,,ALAMEDA,OAKLAND,-122.27009582519531,37.803878784179688
91557873,2021,2021-08-30,9370,2021-08-21,0100,022307,,6,3,7,0109,0,1,1,,2,176,"I-880 N/B","HIGH ST",1730.00,S,N,A,-,Y,,,880,,,,,,N,N,2,0,1,2,A,-,11,21954,A,F,G,B,E,A,H,-,D,A,0,Y,,,,Y,,N,60,1,0,0,0,1,0,0,0,0,"- ","- ",37.763919830322266,-122.21659088134766,ALAMEDA,OAKLAND,-122.21663665771484,37.763877868652344
9156653,2020,2020-10-27,0109,2020-09-30,0708,8881,1,3,5,7,0109,0,0,0,,0,08X,"TELEGRAPH AV","29TH ST",115.00,S,N,A,-,N,,,,,,,,,,N,3,0,1,1,A,-,08,22107,,N,A,I,A,A,H,-,A,D,0,,Y,,,Y,Y,L,04,0,1,0,0,0,0,1,0,0,"- ","- ",,,ALAMEDA,OAKLAND,-122.26747131347656,37.817909240722656
9156654,2020,2020-10-27,0109,2020-09-24,1323,9567,1,4,5,7,0109,0,0,0,,0,04X,"MLKJ WY","W GRAND AV",100.00,S,N,A,-,N,,,,,,,,,,N,3,0,1,2,A,-,05,21650,,M,D,B,F,A,H,-,A,D,0,Y,Y,,,Y,,L,04,0,1,0,0,1,0,0,0,0,"- ","- ",,,ALAMEDA,OAKLAND,-122.27281188964844,37.812355041503906
9159674,2020,2020-11-17,0109,2020-06-21,1628,9744,1,7,5,7,0109,0,0,0,,0,08X,"25TH ST","TELEGRAPH AV",0.00,,Y,A,-,N,,,,,,,,,,N,4,0,1,2,A,-,10,21950,A,N,G,B,B,A,H,-,A,C,0,Y,,,,Y,,A,01,0,0,1,0,1,0,0,0,0,"- ",TO,,,ALAMEDA,OAKLAND,-122.26837158203125,37.814338684082031
91597291,2021,2021-10-15,9370,2021-10-13,0112,021708,,3,3,7,0109,0,1,1,,2,177,"I-880 S/B","16TH AVE",494.00,S,N,A,-,Y,,,,,,,,,,N,4,0,1,2,A,-,11,21954,A,N,G,B,E,A,H,-,D,D,0,Y,,,,Y,,N,60,0,0,1,0,1,0,0,0,0,"- ","- ",37.475620269775391,-122.14347076416016,ALAMEDA,OAKLAND,-122.24321746826172,37.785037994384766
9160794,2020,2021-01-20,0109,2020-09-04,2246,8585,2,5,5,7,0109,0,0,0,,0,23X,"INTERNATIONAL BL","HIGH ST",0.00,,Y,A,-,N,,,,,,,,,,N,3,0,1,2,A,-,03,22350,,F,B,G,A,A,H,-,C,A,0,,Y,,,Y,,A,01,0,1,0,0,0,0,1,0,0,"- ","- ",,,ALAMEDA,OAKLAND,-122.21482849121094,37.772350311279297
9161542,2020,2020-10-03,0109,2020-07-10,0313,9831,2,5,5,7,0109,0,0,0,,0,26X,"INTERNATIONAL BL","50TH AV",0.00,,Y,A,-,N,,,,,,,,,,N,4,0,1,2,A,-,10,21950,A,M,G,B,B,A,H,-,C,A,0,Y,,,,Y,,A,01,0,0,1,0,1,0,0,0,0,"- ","- ",,,ALAMEDA,OAKLAND,-122.20870208740234,37.769458770751953
9161543,2020,2020-10-03,0109,2020-07-13,1837,9878,2,1,5,7,0109,0,0,0,,0,30X,"BANCROFT AV","90TH AV",0.00,,Y,A,-,N,,,,,,,,,,N,4,0,1,2,A,-,08,22107,,M,A,B,B,A,H,-,A,A,0,Y,,,,Y,,A,01,0,0,1,0,1,0,0,0,0,"- ","- ",,,ALAMEDA,OAKLAND,-122.16580963134766,37.753559112548828
9161742,2020,2020-11-18,0109,2020-09-08,1403,9165,2,2,5,7,0109,0,0,0,,0,27X,"BANCROFT AV","44TH AV",200.00,E,N,B,-,N,,,,,,,,,,N,4,0,1,2,A,-,21,22106,,N,G,B,C,A,H,-,A,D,0,Y,,,,Y,,A,01,0,0,1,0,1,0,0,0,0,"- ","- ",,,ALAMEDA,OAKLAND,-122.21247100830078,37.772861480712891
9163067,2020,2020-10-19,0109,2020-08-25,1349,9165,2,2,5,7,0109,0,0,0,,0,27X,"BANCROFT AV","45TH AV",200.00,W,N,A,-,N,,,,,,,,,,N,4,0,2,5,A,-,21,22106,,N,H,-,-,A,H,-,A,D,0,Y,,,,Y,,D,22,0,0,2,0,0,0,0,0,0,"- ","- ",,,ALAMEDA,OAKLAND,-122.21257781982422,37.772907257080078
9163214,2020,2020-10-14,0109,2020-08-22,2240,9748,1,6,5,7,0109,0,0,0,,0,06X,"EMBARCADERO W","WEBSTER ST",0.00,,Y,A,-,N,,,,,,,,,,N,4,0,1,2,A,-,08,22107,,N,B,G,A,A,H,-,A,A,0,,Y,,,Y,,A,01,0,0,1,0,0,0,0,0,0,"- ","- ",,,ALAMEDA,OAKLAND,-122.27435302734375,37.794410705566406
9163219,2020,2020-10-14,0109,2020-08-08,1429,9891,1,6,5,7,0109,0,0,0,,0,06X,"MARTIN LUTHER KING JR WY","23RD ST",0.00,,Y,A,-,N,,,,,,,,,,N,4,0,1,2,A,-,10,21950,A,N,G,B,B,A,H,-,A,D,0,Y,,,,Y,,A,01,0,0,1,0,1,0,0,0,0,"- ","- ",,,ALAMEDA,OAKLAND,-122.27255249023438,37.813259124755859
9163477,2020,2020-10-24,0109,2020-08-01,1333,9471,2,6,5,7,0109,0,0,0,,0,031,"SAN LEANDRO ST","STONE ST",0.00,,Y,A,-,N,,,,,,,,,,N,3,0,1,2,A,-,05,21202,A,N,G,G,A,A,H,-,A,D,0,,Y,,,Y,,L,04,0,1,0,0,0,0,1,0,0,"- ","- ",,,ALAMEDA,OAKLAND,-122.17726898193359,37.737190246582031
9163594,2020,2020-11-13,0109,2020-09-07,0400,9877,2,1,5,7,0109,0,0,0,,0,31X,"SAN LEANDRO ST","85TH AV",10.00,W,N,A,-,N,,,,,,,,,,N,3,0,1,2,A,-,08,22107,,F,G,G,A,A,H,-,C,D,0,,Y,,,Y,,-,99,0,1,0,0,0,0,1,0,0,"- ","- ",,,ALAMEDA,OAKLAND,-122.18910217285156,37.747020721435547
9163596,2020,2020-11-13,0109,2020-09-28,1539,9305,2,1,5,7,0109,0,0,0,,0,24X,"34TH AV",FOOTHILL,0.00,,N,A,-,N,,,,,,,,,,N,4,0,1,2,C,-,18,,,N,G,B,E,A,H,-,B,D,0,Y,,,,Y,Y,-,"- ",0,0,1,0,1,0,0,0,0,"- ","- ",,,ALAMEDA,OAKLAND,-122.22068023681641,37.783039093017578
91660240,2021,2021-12-23,9370,2021-11-20,2500,019091,,6,4,7,0109,0,1,1,,2,176,"I-880 S/B TO HEGENBERGER ROAD","HEGENBERGER ROAD",1026.00,N,N,A,-,Y,,,880,,,,R,,S,N,1,1,0,2,A,-,11,21954,A,F,G,B,E,A,H,-,C,D,0,Y,,,,Y,,-,99,0,0,0,1,0,0,0,0,0,"- ","- ",37.742839813232422,-122.19873046875,ALAMEDA,OAKLAND,-122.19873046875,37.742839813232422
9167743,2020,2020-10-23,0109,2020-06-14,2142,9661,1,7,5,7,0109,0,0,0,,0,21X,"25TH AV","26TH ST",100.00,S,N,A,-,N,,,,,,,,,,N,3,0,1,2,A,-,00,21760,D,N,D,G,A,A,H,-,C,C,0,,Y,,,Y,,A,01,0,1,0,0,0,0,1,0,0,"- ","- ",,,ALAMEDA,OAKLAND,-122.22512054443359,37.790531158447266
9169223,2020,2020-11-18,0109,2020-09-13,1200,9912,1,7,5,7,0109,0,0,0,,0,22Y,"CRESTMONT DR","CHADBOURNE WY",30.00,W,N,A,-,N,,,,,,,,,,N,3,0,1,2,A,-,08,22107,,N,A,G,A,A,H,-,A,D,0,,Y,,,Y,,L,04,0,1,0,0,0,0,1,0,0,"- ","- ",,,ALAMEDA,OAKLAND,-122.17777252197266,37.803028106689453
9177167,2020,2020-11-03,0109,2020-05-23,0136,9799,2,6,5,7,0109,0,0,0,,0,27X,"FOOTHILL BL","YGNACIO AV",0.00,,Y,A,-,N,,,,,,,,,,N,3,0,1,2,A,-,10,21950,A,F,G,B,E,A,H,-,C,A,0,Y,,,,Y,Y,-,99,0,1,0,0,1,0,0,0,0,"- ","- ",,,ALAMEDA,OAKLAND,,
91777966,2022,2022-05-23,9335,2022-05-09,0720,018053,,1,1,7,0109,0,1,1,,1,082,"I-80 W/B","TOLL BOOTH #8 WEST EDGE",53.00,W,N,A,-,Y,,,80,,,,,,W,N,4,0,1,2,A,-,08,22107,,F,G,B,E,A,H,-,A,D,0,Y,,,,Y,,-,99,0,0,1,0,1,0,0,0,0,"- ","- ",37.824718475341797,-122.3140869140625,ALAMEDA,OAKLAND,-122.31410217285156,37.824798583984375
9178218,2020,2020-11-20,0109,2020-08-27,2129,9488,1,4,5,7,0109,0,0,0,,0,03X,"5TH ST","OAK ST",0.00,,Y,A,-,N,,,,,,,,,,N,3,0,1,2,A,-,11,21950,B,N,G,B,B,A,H,-,C,A,0,Y,,,,Y,,N,60,0,1,0,0,1,0,0,0,0,"- ","- ",,,ALAMEDA,OAKLAND,-122.26674652099609,37.794849395751953
9178327,2020,2021-01-21,0109,2020-10-13,1424,9533,1,2,5,7,0109,0,0,0,,0,03X,"JACKSON ST","6TH ST",15.00,N,N,A,-,N,,,,,,,,,,N,3,0,1,2,A,-,05,21650,1,N,A,G,A,A,H,-,A,D,0,,Y,,,Y,,L,04,0,1,0,0,0,0,1,0,0,"- ","- ",,,ALAMEDA,OAKLAND,-122.26869964599609,37.796459197998047
9178331,2020,2021-01-21,0109,2020-10-04,2202,99812,1,7,5,7,0109,0,0,0,,0,03X,"7TH ST","HARRISON ST",0.00,,Y,A,-,N,,,,,,,,,,N,3,0,1,2,D,-,00,,,M,H,G,A,A,H,-,C,A,0,,Y,,,Y,,-,"- ",0,1,0,0,0,0,1,0,0,"- ","- ",,,ALAMEDA,OAKLAND,-122.2706298828125,37.798091888427734
9179588,2020,2020-12-15,0109,2020-10-10,1906,9533,1,6,5,7,0109,0,0,0,,0,06X,"MACARTHUR BL","WEST ST",0.00,,Y,A,-,N,,,,,,,,,,N,4,0,1,2,A,-,12,21453,A,M,D,G,A,A,H,-,C,A,0,,Y,,,Y,,-,99,0,0,1,0,0,0,1,0,0,"- ","- ",,,ALAMEDA,OAKLAND,-122.27168273925781,37.827529907226562
91815519,2022,2022-07-12,9370,2022-02-14,2152,022358,,1,2,7,0109,0,1,1,,2,053,"I-580 W/B","PARK BLVD",246.00,E,N,A,-,Y,,,580,,,,,,W,Y,1,1,0,4,A,-,11,21954,A,N,G,B,E,A,H,-,D,D,0,Y,,,,Y,,N,60,0,0,0,1,0,0,0,0,0,"- ","- ",37.803749084472656,-122.23265838623047,ALAMEDA,OAKLAND,-122.23262786865234,37.803794860839844
9182260,2020,2020-12-23,0109,2020-10-02,1410,9607,2,5,5,7,0109,0,0,0,,0,26X,"INTERNATIONAL BL","62ND AV",15.00,E,N,A,-,N,,,,,,,,,,N,4,0,1,2,A,-,07,21658,A,N,B,G,A,A,H,-,A,A,0,,Y,,,Y,,L,04,0,0,1,0,0,0,1,0,0,"- ","- ",,,ALAMEDA,OAKLAND,-122.19713592529297,37.763969421386719
9182352,2020,2020-12-24,0109,2020-10-09,0917,9709,1,5,5,7,0109,0,0,0,,0,04X,"13TH ST","HARRISON ST",0.00,,Y,A,-,N,,,,,,,,,,N,4,0,1,2,A,-,08,22107,,N,G,G,A,-,H,-,A,A,0,,Y,,,Y,Y,A,01,0,0,1,0,0,0,1,0,0,"- ","- ",,,ALAMEDA,OAKLAND,-122.26804351806641,37.802238464355469
9183114,2019,2021-02-09,0109,2019-01-02,1220,8137,2,3,5,7,0109,0,0,0,,0,23X,"35TH AV","E 12TH ST",297.00,S,N,A,-,N,,,,,,,,,,N,2,0,1,2,A,-,09,21804,A,F,H,G,A,A,H,-,A,D,0,,Y,,,Y,,L,04,1,0,0,0,0,0,1,0,0,"- ","- ",,,ALAMEDA,OAKLAND,-122.22360992431641,37.774890899658203
91857010,2022,2022-09-05,9370,2022-08-02,1025,021364,,2,1,7,0109,0,1,1,,2,055,"I-580 W/B",BROADWAY,65.00,W,N,A,-,Y,,,,,,,,,,N,3,0,1,2,A,-,11,21954,A,F,G,B,E,A,H,-,A,D,0,Y,,,,Y,,N,60,0,1,0,0,1,0,0,0,0,"- ","- ",37.492118835449219,-122.1536865234375,ALAMEDA,OAKLAND,-122.26012420654297,37.822460174560547
9186407,2020,2020-12-07,0109,2020-09-29,1925,9749,1,2,5,7,0109,0,0,0,,0,10X,"40TH ST",BROADWAY,0.00,,Y,A,-,N,,,,,,,,,,N,4,0,1,2,A,-,12,21453,A,M,H,G,A,A,H,-,B,A,0,,Y,,,Y,,A,01,0,0,1,0,0,0,1,0,0,"- ","- ",,,ALAMEDA,OAKLAND,-122.25668334960938,37.827568054199219
9188680,2020,2020-12-05,0109,2020-10-28,1037,8881,1,3,5,7,0109,0,0,0,,0,13Z,"MOUNTAIN BL","COLTON BL",0.00,,Y,A,-,N,,,,,,,,,,N,3,0,1,2,A,-,09,21802,A,N,D,G,A,A,H,-,A,A,0,,Y,,,Y,,A,01,0,1,0,0,0,0,1,0,0,"- ","- ",,,ALAMEDA,OAKLAND,-122.21095275878906,37.829448699951172
91912383,2022,2022-11-08,9370,2022-04-07,2055,022700,,4,2,7,0109,0,1,1,,2,053,"I-580 W/B","38TH STREET OVERSROSSING",36.00,E,N,A,-,Y,,,580,,,,,,W,N,1,1,0,2,D,-,00,,,F,G,B,E,A,H,-,D,D,0,Y,,,,Y,,-,"- ",0,0,0,1,0,0,0,0,0,"- ","- ",37.789268493652344,-122.20020294189453,ALAMEDA,OAKLAND,-122.20022583007812,37.789230346679688
9191499,2020,2021-01-30,0109,2020-11-16,0801,9567,1,1,5,7,0109,0,0,0,,0,02X,"7TH ST","FILBERT ST",60.00,W,N,A,-,N,,,,,,,,,,N,3,0,1,2,A,-,05,21202,A,N,D,G,A,A,H,-,A,D,0,,Y,,,Y,,L,04,0,1,0,0,0,0,1,0,0,"- ","- ",,,ALAMEDA,OAKLAND,-122.28521728515625,37.803146362304688
9191500,2020,2021-01-30,0109,2020-11-02,1746,9655,1,1,5,7,0109,0,0,0,,0,06X,"SAN PABLO AV","MEAD AV",0.00,,Y,-,-,N,,,,,,,,,,N,4,0,1,2,A,-,10,21950,A,N,G,B,B,A,-,-,C,B,0,Y,,,,Y,,A,01,0,0,1,0,1,0,0,0,0,"- ","- ",,,ALAMEDA,OAKLAND,-122.27523803710938,37.816429138183594
9191504,2020,2021-01-30,0109,2020-11-08,2106,9582,2,7,5,7,0109,0,0,0,,0,26X,"INTERNATIONAL BL","46TH AV",0.00,,Y,A,-,N,,,,,,,,,,N,2,0,1,2,A,-,11,21954,A,F,G,B,D,A,H,-,C,A,0,Y,,,,Y,,N,60,1,0,0,0,1,0,0,0,0,"- ","- ",,,ALAMEDA,OAKLAND,-122.21163940429688,37.770851135253906
91937815,2022,2022-12-08,9370,2022-11-09,1633,019059,,3,2,7,0109,0,1,3,,2,025,"SR-24 W/B TO TELEGRAPH AVENUE","TELEGRAPH AVENUE",387.00,E,N,A,-,Y,,,24,,,,R,,W,N,3,0,1,2,A,-,03,22350,,N,G,B,E,A,H,-,A,D,0,Y,,,,Y,,A,01,0,1,0,0,1,0,0,0,0,"- ","- ",37.842571258544922,-122.25917053222656,ALAMEDA,OAKLAND,-122.25917053222656,37.842571258544922
91967562,2022,2023-01-13,9370,2022-11-17,0156,023081,,4,3,7,0109,0,1,3,,2,024,"SR-24 W/B FROM 51ST STREET","SHATTUCK AVE",420.00,W,N,A,-,Y,,,24,,,,R,,W,N,2,0,1,2,A,-,13,22515,A,F,G,B,E,A,H,-,D,D,0,Y,,,,Y,,M,59,1,0,0,0,1,0,0,0,0,"- ","- ",37.837940216064453,-122.26582336425781,ALAMEDA,OAKLAND,-122.26582336425781,37.837940216064453
9196990,2020,2021-01-21,0109,2020-10-08,1325,9848,2,4,5,7,0109,0,0,0,,0,32X,"INTERNATIONAL BL","104TH AV",25.00,W,N,A,-,N,,,,,,,,,,N,3,0,1,2,A,-,17,22517,,N,H,G,A,A,H,-,A,D,0,,Y,,Y,Y,,F,26,0,1,0,0,0,0,1,0,0,"- ","- ",,,ALAMEDA,OAKLAND,-122.16750335693359,37.740348815917969