CASE_ID,ACCIDENT_YEAR,PROC_DATE,JURIS,COLLISION_DATE,COLLISION_TIME,OFFICER_ID,REPORTING_DISTRICT,DAY_OF_WEEK,CHP_SHIFT,POPULATION,CNTY_CITY_LOC,SPECIAL_COND,BEAT_TYPE,CHP_BEAT_TYPE,CITY_DIVISION_LAPD,CHP_BEAT_CLASS,BEAT_NUMBER,PRIMARY_RD,SECONDARY_RD,DISTANCE,DIRECTION,INTERSECTION,WEATHER_1,WEATHER_2,STATE_HWY_IND,CALTRANS_COUNTY,CALTRANS_DISTRICT,STATE_ROUTE,ROUTE_SUFFIX,POSTMILE_PREFIX,POSTMILE,LOCATION_TYPE,RAMP_INTERSECTION,SIDE_OF_HWY,TOW_AWAY,COLLISION_SEVERITY,NUMBER_KILLED,NUMBER_INJURED,PARTY_COUNT,PRIMARY_COLL_FACTOR,PCF_CODE_OF_VIOL,PCF_VIOL_CATEGORY,PCF_VIOLATION,PCF_VIOL_SUBSECTION,HIT_AND_RUN,TYPE_OF_COLLISION,MVIW,PED_ACTION,ROAD_SURFACE,ROAD_COND_1,ROAD_COND_2,LIGHTING,CONTROL_DEVICE,CHP_ROAD_TYPE,PEDESTRIAN_ACCIDENT,BICYCLE_ACCIDENT,MOTORCYCLE_ACCIDENT,TRUCK_ACCIDENT,NOT_PRIVATE_PROPERTY,ALCOHOL_INVOLVED,STWD_VEHTYPE_AT_FAULT,CHP_VEHTYPE_AT_FAULT,COUNT_SEVERE_INJ,COUNT_VISIBLE_INJ,COUNT_COMPLAINT_PAIN,COUNT_PED_KILLED,COUNT_PED_INJURED,COUNT_BICYCLIST_KILLED,COUNT_BICYCLIST_INJURED,COUNT_MC_KILLED,COUNT_MC_INJURED,PRIMARY_RAMP,SECONDARY_RAMP,LATITUDE,LONGITUDE,COUNTY,CITY,POINT_X,POINT_Y
9441763,2022,2022-05-13,0109,2022-04-02,1309,9742,1,6,5,7,0109,0,0,0,,0,05X,"ADELINE ST","18TH ST",0.00,,Y,A,-,N,,,,,,,,,,N,3,0,1,2,A,-,08,22107,,N,B,G,A,A,H,-,A,A,0,,Y,,,Y,,L,04,0,1,0,0,0,0,1,0,0,"- ","- ",,,ALAMEDA,OAKLAND,-122.28511047363281,37.812347412109375
9441803,2022,2022-05-10,0109,2022-03-23,1821,8959,1,3,5,7,0109,0,0,0,,0,15X,"MACARTHUR BL","WESLEY AV",5.00,S,N,A,-,N,,,,,,,,,,N,3,0,1,2,A,-,08,22100,A,N,D,C,A,A,H,-,A,D,0,,Y,,,Y,,L,04,0,1,0,0,0,0,1,0,0,"- ","- ",,,ALAMEDA,OAKLAND,-122.24484252929688,37.808834075927734
9441807,2022,2022-05-10,0109,2022-03-19,2220,9851,2,6,5,7,0109,0,0,0,,0,35X,"BANCROFT AV","96TH AV",50.00,W,N,A,-,N,,,,,,,,,,N,3,0,1,2,A,-,03,22350,,M,G,B,D,A,H,-,C,D,0,Y,,,,Y,,A,08,0,1,0,0,1,0,0,0,0,"- ","- ",,,ALAMEDA,OAKLAND,-122.16309356689453,37.749889373779297
9441837,2022,2022-05-11,0109,2022-03-28,0933,9510,2,1,5,7,0109,0,0,0,,0,20X,"FRUITVALE AV","E15TH ST",0.00,,Y,A,C,N,,,,,,,,,,N,4,0,1,2,A,-,10,21950,A,N,G,B,B,B,H,-,A,A,0,Y,,,,Y,,A,07,0,0,1,0,1,0,0,0,0,"- ","- ",,,ALAMEDA,OAKLAND,-122.22528076171875,37.778732299804688
9442334,2021,2022-05-11,0109,2021-10-05,0815,9942,2,2,5,7,0109,0,0,0,,0,30X,"73RD AV",INTERNATIONAL,0.00,,Y,A,-,N,,,,,,,,,,N,3,0,1,2,D,-,00,,,M,G,G,A,A,H,-,A,A,0,,Y,,,Y,,-,"- ",0,1,0,0,0,0,1,0,0,"- ","- ",,,ALAMEDA,OAKLAND,-122.18708038330078,37.759212493896484
9443232,2021,2022-04-28,0109,2021-10-15,2030,9869,1,5,5,7,0109,0,0,0,,0,,"FOOTHILL BL","17TH AV",0.00,,Y,A,-,N,,,,,,,,,,N,2,0,1,2,D,-,00,,,N,A,B,A,A,H,-,C,A,0,,Y,,,Y,,-,"- ",1,0,0,0,0,0,1,0,0,"- ","- ",,,ALAMEDA,OAKLAND,-122.24156188964844,37.789371490478516
9443236,2021,2022-04-28,0109,2021-11-23,1048,9949,1,2,5,7,0109,0,0,0,,0,12Y,"ALCATRAZ AV","HILLEGASS AV",25.00,E,N,A,-,N,,,,,,,,,,N,3,0,1,2,A,-,08,22107,,N,D,G,A,A,H,-,A,D,0,,Y,,,Y,,A,07,0,1,0,0,0,0,1,0,0,"- ","- ",,,ALAMEDA,OAKLAND,-122.25462341308594,37.850990295410156
9443270,2021,2022-04-28,0109,2021-11-07,1805,9533,1,7,5,7,0109,0,0,0,,0,03X,"14TH ST","MADISON ST",0.00,,Y,A,-,N,,,,,,,,,,N,4,0,1,2,A,-,10,21950,A,N,G,B,B,A,H,-,C,A,0,Y,,Y,,Y,,C,02,0,0,1,0,1,0,0,0,0,"- ","- ",,,ALAMEDA,OAKLAND,-122.26406097412109,37.801513671875
9443272,2021,2022-04-28,0109,2021-11-02,2341,9404,2,2,5,7,0109,0,0,0,,0,23X,"ALAMEDA AV","HOWARD ST",250.00,S,N,A,-,N,,,,,,,,,,N,4,0,1,2,A,-,03,22350,,M,A,B,B,A,H,-,C,A,0,Y,,,,Y,,-,99,0,0,1,0,1,0,0,0,0,"- ","- ",,,ALAMEDA,OAKLAND,-122.22244262695312,37.768119812011719
9444773,2021,2022-05-24,0109,2021-11-21,1752,9930,1,7,5,7,0109,0,0,0,,0,06X,"40TH ST","MARTIN LUTHER KING WY",0.00,,Y,A,-,N,,,,,,,,,,N,2,0,1,2,D,-,00,,,F,G,B,E,A,H,-,C,A,0,Y,,,,Y,,-,"- ",1,0,0,0,1,0,0,0,0,"- ","- ",,,ALAMEDA,OAKLAND,-122.2684326171875,37.82977294921875
9444779,2022,2022-05-31,0109,2022-03-10,1737,9929,1,4,5,7,0109,0,0,0,,0,02X,"14TH ST","BRUSH ST",0.00,,Y,A,-,N,,,,,,,,,,N,3,0,1,2,A,-,11,21453,D,N,G,B,B,A,H,-,A,A,0,Y,,,,Y,,N,60,0,1,0,0,1,0,0,0,0,"- ","- ",,,ALAMEDA,OAKLAND,-122.27864837646484,37.807216644287109
9444780,2022,2022-05-31,0109,2022-03-04,1349,9733,1,5,5,7,0109,0,0,0,,0,08X,"27TH ST","WEST ST",300.00,E,N,A,-,N,,,,,,,,,,N,4,0,1,2,A,-,09,21804,A,N,D,G,A,A,H,-,A,A,0,,Y,Y,,Y,,C,06,0,0,1,0,0,0,1,0,0,"- ","- ",,,ALAMEDA,OAKLAND,-122.273193359375,37.817272186279297
9444781,2022,2022-05-31,0109,2022-03-02,1306,9948,1,3,5,7,0109,0,0,0,,0,06X,"24TH ST","MANDELA PKWY",0.00,,Y,A,-,N,,,,,,,,,,N,4,0,1,2,A,-,05,21650,1,N,H,G,A,A,H,-,A,A,0,,Y,,,Y,,L,04,0,0,1,0,0,0,1,0,0,"- ","- ",,,ALAMEDA,OAKLAND,-122.28948211669922,37.818153381347656
9444893,2022,2022-05-26,0109,2022-03-29,1831,9590,1,2,5,7,0109,0,0,0,,0,12X,"COLLEGE AV","BRYANT ST",240.00,W,N,A,-,N,,,,,,,,,,N,4,0,1,3,A,-,11,21956,,N,G,G,C,A,H,-,A,D,0,Y,Y,,,Y,,N,60,0,0,1,0,0,0,1,0,0,"- ","- ",,,ALAMEDA,OAKLAND,-122.25129699707031,37.837978363037109
9447867,2022,2022-09-15,0109,2022-08-16,1720,9814,2,2,5,7,0109,0,0,0,,0,30X,"BANCROFT AV","67TH AV",20.00,E,N,A,-,N,,,,,,,,,,N,3,0,1,2,A,-,08,22107,,N,H,G,A,A,H,-,A,D,0,,Y,,,Y,,A,07,0,1,0,0,0,0,1,0,0,"- ","- ",,,ALAMEDA,OAKLAND,-122.18065643310547,37.769096374511719
9447873,2022,2022-09-15,0109,2022-08-08,0041,9811,2,1,5,7,0109,0,0,0,,0,33X,"95TH AV","B ST",5.00,N,N,A,-,N,,,,,,,,,,N,4,0,1,2,A,-,21,22106,,N,B,B,C,A,H,-,C,D,0,Y,,,,Y,,A,01,0,0,1,0,1,0,0,0,0,"- ","- ",,,ALAMEDA,OAKLAND,-122.17545318603516,37.744876861572266
9450418,2022,2022-06-03,0109,2022-04-28,1047,9370,1,4,5,7,0109,0,0,0,,0,19X,"9TH AV","E 12TH ST",0.00,,Y,A,-,N,,,,,,,,,,N,4,0,1,2,A,-,10,21950,A,N,A,B,B,A,H,-,A,D,0,Y,,,,Y,,A,01,0,0,1,0,1,0,0,0,0,"- ","- ",,,ALAMEDA,OAKLAND,-122.25148773193359,37.792133331298828
9450647,2022,2022-06-06,0109,2022-01-27,0655,9968,1,4,5,7,0109,0,0,0,,0,13Z,"SERVICE RD","GRAND AV",350.00,S,N,A,-,N,,,,,,,,,,N,3,0,1,2,A,-,03,22350,,N,D,G,A,A,H,-,D,D,0,,Y,,,Y,,L,04,0,1,0,0,0,0,1,0,0,"- ","- ",,,ALAMEDA,OAKLAND,,
9450648,2022,2022-06-06,0109,2022-01-18,1654,9533,1,2,5,7,0109,0,0,0,,0,03X,"14TH ST","WEBSTER ST",0.00,,Y,A,-,N,,,,,,,,,,N,4,0,1,3,A,-,12,21453,A,N,D,C,F,A,H,-,A,A,0,Y,,,,Y,,A,01,0,0,1,0,1,0,0,0,0,"- ","- ",,,ALAMEDA,OAKLAND,-122.268798828125,37.803367614746094
9450652,2022,2022-06-06,0109,2022-01-27,0806,9786,1,4,5,7,0109,0,0,0,,0,11X,"SHATTUCK AV","51ST ST",40.00,N,N,A,-,N,,,,,,,,,,N,3,0,1,2,A,-,03,22350,,N,C,G,A,A,H,-,A,D,0,,Y,,,Y,,A,01,0,1,0,0,0,0,1,0,0,"- ","- ",,,ALAMEDA,OAKLAND,-122.26417541503906,37.837867736816406
9450656,2022,2022-08-11,0109,2022-01-31,0903,9709,1,1,5,7,0109,0,0,0,,0,16X,"LAKESHORE AV","MANDANA BL",0.00,,Y,A,-,N,,,,,,,,,,N,3,0,1,2,A,-,10,21950,A,N,B,B,B,A,H,-,A,A,0,Y,,,,Y,,A,07,0,1,0,0,1,0,0,0,0,"- ","- ",,,ALAMEDA,OAKLAND,-122.24254608154297,37.811717987060547
9450675,2022,2022-06-07,0109,2022-03-28,0849,9914,2,1,5,7,0109,0,0,0,,0,31X,"105TH AV","EDES AV",0.00,,Y,B,-,N,,,,,,,,,,N,4,0,1,2,A,-,10,21950,A,N,G,B,D,B,H,-,A,A,0,Y,,,,Y,,A,01,0,0,1,0,1,0,0,0,0,"- ","- ",,,ALAMEDA,OAKLAND,-122.17831420898438,37.733299255371094
9451162,2022,2022-06-15,0109,2022-01-27,1644,8959,1,4,5,7,0109,0,0,0,,0,17X,"E 18TH ST","8TH AV",0.00,,Y,A,-,N,,,,,,,,,,N,4,0,1,2,A,-,10,21950,A,N,G,B,B,A,H,-,A,A,0,Y,,,,Y,,A,01,0,0,1,0,1,0,0,0,0,"- ","- ",,,ALAMEDA,OAKLAND,-122.24764251708984,37.796165466308594
9451167,2022,2022-06-15,0109,2022-01-10,0806,9052,1,1,5,7,0109,0,0,0,,0,19X,"12TH ST","12TH AV",0.00,,Y,A,-,N,,,,,,,,,,N,2,0,1,2,A,-,10,21950,A,M,G,B,B,A,H,-,A,D,0,Y,,,,Y,,A,01,1,0,0,0,1,0,0,0,0,"- ","- ",,,ALAMEDA,OAKLAND,-122.24897766113281,37.789939880371094
9451368,2022,2022-06-24,0109,2022-05-14,0858,9374,1,6,5,7,0109,0,0,0,,0,19X,"16TH AV","EMBARCADERO AV",100.00,N,N,A,-,N,,,,,,,,,,N,4,0,1,2,A,-,03,22350,,M,G,G,A,A,H,-,A,D,0,,Y,,,Y,,L,04,0,0,1,0,0,0,1,0,0,"- ","- ",,,ALAMEDA,OAKLAND,-122.24298095703125,37.784267425537109
9451373,2022,2022-06-24,0109,2022-05-19,2135,9924,1,4,5,7,0109,0,0,0,,0,02X,"7TH ST","ADELINE ST",0.00,,Y,A,-,N,,,,,,,,,,N,2,0,1,3,A,-,09,21801,A,N,D,C,F,A,H,-,C,A,0,Y,,,,Y,,A,01,1,0,0,0,1,0,0,0,0,"- ","- ",,,ALAMEDA,OAKLAND,-122.28820037841797,37.803806304931641
9452041,2021,2022-06-01,0109,2021-09-17,1543,8959,1,5,5,7,0109,0,0,0,,0,08X,"HARRISON ST","GRAND AV",0.00,,Y,A,-,N,,,,,,,,,,Y,3,0,3,4,A,-,09,21801,A,F,D,C,B,A,H,-,A,A,0,Y,,Y,,Y,,A,01,0,3,0,0,2,0,0,0,1,"- ","- ",,,ALAMEDA,OAKLAND,-122.26245880126953,37.810909271240234
9452043,2021,2022-06-01,0109,2021-09-26,0238,9874,2,7,5,7,0109,0,0,0,,0,32X,"INTERNATIONAL BL","102ND AV",30.00,W,N,-,-,N,,,,,,,,,,N,2,0,1,2,A,-,03,22350,,F,G,B,E,A,H,-,C,A,0,Y,,,,Y,Y,-,99,1,0,0,0,1,0,0,0,0,"- ","- ",,,ALAMEDA,OAKLAND,-122.16843414306641,37.741592407226562
9452049,2021,2022-06-01,0109,2021-10-29,1756,9869,1,5,5,7,0109,0,0,0,,0,19X,"FOOHILL BL","22ND AV",0.00,,Y,A,-,N,,,,,,,,,,N,4,0,1,2,A,-,11,21453,D,N,G,B,B,A,H,-,B,A,0,Y,,,,Y,,N,60,0,0,1,0,1,0,0,0,0,"- ","- ",,,ALAMEDA,OAKLAND,-122.23629760742188,37.786239624023438
9452054,2021,2022-06-01,0109,2021-11-27,2124,9889,1,6,5,7,0109,0,0,0,,0,04X,"THOMAS BERKLEY WY",BROADWAY,0.00,,Y,A,-,N,,,,,,,,,,N,3,0,1,2,A,-,12,21453,A,N,G,G,A,A,H,-,C,A,0,,Y,,,Y,,L,04,0,1,0,0,0,0,1,0,0,"- ","- ",,,ALAMEDA,OAKLAND,-122.26823425292969,37.809055328369141
9453499,2022,2022-06-27,0109,2022-04-26,0800,9348,2,2,5,7,0109,0,0,0,,0,21X,"23RD ST","COOLIDGE AV",20.00,N,N,A,-,N,,,,,,,,,,N,4,0,1,2,A,-,10,21950,A,N,G,B,D,A,H,-,A,D,0,Y,,,,Y,,A,01,0,0,1,0,1,0,0,0,0,"- ","- ",,,ALAMEDA,OAKLAND,-122.2203369140625,37.784599304199219
9453616,2022,2022-06-21,0109,2022-05-01,1657,9689,1,7,5,7,0109,0,0,0,,0,04X,"W GRAND AV","MARTIN LUTHER KING JR WY",0.00,,Y,A,-,N,,,,,,,,,,N,3,0,1,2,A,-,09,21801,A,N,B,G,A,A,H,-,A,A,0,,Y,,,Y,,A,01,0,1,0,0,0,0,1,0,0,"- ","- ",,,ALAMEDA,OAKLAND,-122.27278137207031,37.812484741210938
9456858,2022,2022-06-24,0109,2022-02-14,2230,9727,2,1,5,7,0109,0,0,0,,0,35X,"90TH AV","BANCROFT AV",0.00,,Y,A,-,N,,,,,,,,,,N,3,0,1,2,A,-,10,21950,A,F,G,B,B,A,H,-,C,A,0,Y,,,,Y,,A,01,0,1,0,0,1,0,0,0,0,"- ","- ",,,ALAMEDA,OAKLAND,-122.16580963134766,37.753559112548828
9464218,2021,2023-03-29,0109,2021-10-01,1956,8259,2,5,5,7,0109,0,0,0,,0,34X,"BANCROFT AV","85TH AV",0.00,,Y,A,-,N,,,,,,,,,,Y,1,1,1,4,A,-,03,22350,,N,G,B,E,A,H,-,C,D,0,Y,,,,Y,,A,01,0,1,0,1,0,0,0,0,0,"- ","- ",,,ALAMEDA,OAKLAND,-122.16883087158203,37.75762939453125
9466997,2022,2023-02-02,0109,2022-12-03,0255,9961,1,6,5,7,0109,0,0,0,,0,15X,"E 10TH ST","5TH AV",0.00,,Y,C,-,N,,,,,,,,,,N,2,0,1,2,A,-,03,22350,,F,G,B,F,B,H,-,C,A,0,Y,,,,Y,Y,A,01,1,0,0,0,1,0,0,0,0,"- ","- ",,,ALAMEDA,OAKLAND,-122.25669097900391,37.793708801269531
9468112,2022,2023-02-16,0109,2022-09-19,2348,8549,1,1,5,7,0109,0,0,0,,0,08X,"TELEGRAPH AV","30T ST",25.00,N,N,A,-,N,,,,,,,,,,Y,3,0,2,3,A,-,01,23152,A,N,D,C,E,A,H,-,C,A,0,Y,,,,Y,Y,A,01,0,1,1,0,1,0,0,0,0,"- ","- ",,,ALAMEDA,OAKLAND,,
9472106,2022,2022-07-15,0109,2022-06-12,1745,8198,1,7,5,7,0109,0,0,0,,0,10Y,"ADELINE ST","61ST ST",0.00,,Y,B,-,N,,,,,,,,,,N,4,0,1,2,A,-,09,21802,A,M,D,G,A,A,H,-,A,A,0,,Y,,,Y,,A,01,0,0,1,0,0,0,1,0,0,"- ","- ",,,ALAMEDA,OAKLAND,-122.27265930175781,37.845783233642578
9472564,2022,2022-07-21,0109,2022-02-24,1700,9053,1,4,5,7,0109,0,0,0,,0,12Y,"51ST ST","TELERGRAPH AV",0.00,,Y,A,-,N,,,,,,,,,,N,4,0,1,2,A,-,10,21950,A,N,G,B,B,A,H,-,A,A,0,Y,,,,Y,,A,01,0,0,1,0,1,0,0,0,0,"- ","- ",,,ALAMEDA,OAKLAND,-122.26235198974609,37.837207794189453
9472567,2022,2022-07-21,0109,2022-02-28,0916,9597,2,1,5,7,0109,0,0,0,,0,23X,"35TH AV","INTERNATIONAL BL",70.00,N,N,A,-,N,,,,,,,,,,N,3,0,1,2,A,-,11,21954,A,N,G,B,D,A,H,-,A,D,0,Y,,,,Y,,N,60,0,1,0,0,1,0,0,0,0,"- ","- ",,,ALAMEDA,OAKLAND,-122.22264099121094,37.776317596435547
9473870,2022,2022-08-22,0109,2022-07-05,1602,9893,2,2,5,7,0109,0,0,0,,0,30X,"73RD AV","ARTHUR ST",145.00,S,N,A,-,N,,,,,,,,,,N,2,0,1,2,A,-,03,22350,,F,A,G,A,A,H,-,A,A,0,,Y,,,Y,,A,01,1,0,0,0,0,0,1,0,0,"- ","- ",,,ALAMEDA,OAKLAND,-122.18077850341797,37.763446807861328
9473877,2022,2022-08-22,0109,2022-07-20,0554,9347,2,3,5,7,0109,0,0,0,,0,26X,"79TH AV","RUDSDALE ST",0.00,,-,A,-,N,,,,,,,,,,N,2,0,1,2,A,-,03,22350,,F,G,B,B,A,H,-,A,D,0,Y,,,,Y,,-,99,1,0,0,0,1,0,0,0,0,"- ","- ",,,ALAMEDA,OAKLAND,-122.18647766113281,37.754730224609375
9473985,2022,2022-09-19,0109,2022-06-24,1744,9294,1,5,5,7,0109,0,0,0,,0,10X,"55TH ST","ADELINE ST",0.00,,-,A,-,N,,,,,,,,,,N,2,0,1,2,A,-,09,21801,A,N,D,G,A,A,-,-,A,A,0,,Y,,,Y,,A,01,1,0,0,0,0,0,1,0,0,"- ","- ",,,ALAMEDA,OAKLAND,-122.27526092529297,37.839096069335938
9473987,2022,2022-08-25,0109,2022-06-10,2226,9915,2,5,5,7,0109,0,0,0,,0,27X,"INTERNATIONAL BL","77TH AV",20.00,W,N,A,-,N,,,,,,,,,,N,3,0,1,2,A,-,08,22107,,M,G,B,A,A,H,-,C,A,0,,Y,,,Y,,-,99,0,1,0,0,0,0,1,0,0,"- ","- ",,,ALAMEDA,OAKLAND,-122.18445587158203,37.757938385009766
9474642,2022,2022-07-06,0109,2022-01-13,0847,8949,2,4,5,7,0109,0,0,0,,0,34X,"98TH AV","HOLLY ST",8.00,N,N,A,-,N,,,,,,,,,,N,4,0,1,2,A,-,10,21950,A,N,G,B,B,A,H,-,A,A,0,Y,,,,Y,,A,01,0,0,1,0,1,0,0,0,0,"- ","- ",,,ALAMEDA,OAKLAND,-122.16934967041016,37.744922637939453
9474718,2022,2022-07-07,0109,2022-05-17,1751,9679,2,2,5,7,0109,0,0,0,,0,27X,"55TH AV","BANCROFT AV",0.00,,Y,A,-,N,,,,,,,,,,N,4,0,1,2,A,-,12,21453,A,M,G,B,B,A,H,-,A,A,0,Y,,,,Y,,-,99,0,0,1,0,1,0,0,0,0,"- ","- ",,,ALAMEDA,OAKLAND,-122.19734954833984,37.771633148193359
9475493,2022,2022-07-20,0109,2022-05-27,1752,9929,1,5,5,7,0109,0,0,0,,0,12X,"51ST ST","CLARKE ST",0.00,,Y,B,-,N,,,,,,,,,,N,3,0,1,2,A,-,10,21950,A,N,G,B,B,A,H,-,A,C,0,Y,,,,Y,,A,01,0,1,0,0,1,0,0,0,0,"- ","- ",,,ALAMEDA,OAKLAND,-122.26089477539062,37.837009429931641
9475495,2022,2022-07-20,0109,2022-05-30,2320,9070,1,1,5,7,0109,0,0,0,,0,08X,"NORTHGATE AV","SYCAMORE ST",0.00,,Y,A,-,N,,,,,,,,,,N,3,0,1,2,A,-,12,22450,A,F,H,G,A,A,H,-,C,D,0,,Y,,,Y,,A,07,0,1,0,0,0,0,1,0,0,"- ","- ",,,ALAMEDA,OAKLAND,-122.27024078369141,37.815418243408203
9477157,2022,2022-07-22,0109,2022-02-23,0930,9381,2,3,5,7,0109,0,0,0,,0,27X,"HIGH ST","COURTLAND AV",0.00,,Y,A,-,N,,,,,,,,,,N,2,0,1,2,A,-,11,21954,A,N,G,B,D,A,H,-,A,A,0,Y,,,,Y,,N,60,1,0,0,0,1,0,0,0,0,"- ","- ",,,ALAMEDA,OAKLAND,-122.21074676513672,37.77557373046875
9483959,2022,2022-08-01,0109,2022-06-24,1600,9196,2,5,5,7,0109,0,0,0,,0,30X,"73RD AV","INTERNATIONAL BL",0.00,,Y,A,-,N,,,,,,,,,,N,3,0,1,2,A,-,12,22450,A,M,D,G,A,A,H,-,A,A,0,,Y,,,Y,,A,01,0,1,0,0,0,0,1,0,0,"- ","- ",,,ALAMEDA,OAKLAND,-122.18708038330078,37.759212493896484
9483966,2022,2022-08-23,0109,2022-06-13,1522,9878,1,1,5,7,0109,0,0,0,,0,08X,"29TH ST","TELEGRAPH AV",200.00,W,N,A,-,N,,,,,,,,,,N,3,0,1,2,A,-,08,22107,,N,A,B,A,A,H,-,A,D,0,,Y,,,Y,Y,A,01,0,1,0,0,0,0,1,0,0,"- ","- ",,,ALAMEDA,OAKLAND,-122.26805877685547,37.818382263183594
9490275,2022,2022-08-25,0109,2022-07-16,1615,9880,2,6,5,7,0109,0,0,0,,0,20X,"29TH AV","E 10TH AV",0.00,,Y,A,-,N,,,,,,,,,,N,3,0,1,2,A,-,10,21950,A,N,G,B,D,A,H,-,A,A,0,Y,,,,Y,,A,01,0,1,0,0,1,0,0,0,0,"- ","- ",,,ALAMEDA,OAKLAND,-122.23216247558594,37.776268005371094
9490476,2022,2022-09-02,0109,2022-06-14,1911,9988,2,2,5,7,0109,0,0,0,,0,23X,"E 12TH ST","39TH AV",0.00,,Y,A,-,N,,,,,,,,,,N,3,0,1,2,A,-,12,22450,A,F,D,G,A,A,H,-,A,A,0,,Y,,,Y,,D,22,0,1,0,0,0,0,1,0,0,"- ","- ",,,ALAMEDA,OAKLAND,-122.21990966796875,37.773197174072266
9491357,2022,2022-09-08,0109,2022-07-18,1011,9657,1,1,5,7,0109,0,0,0,,0,06X,"27TH ST","MARTIN LUTHER KING JR WY",0.00,,Y,A,-,N,,,,,,,,,,N,4,0,1,2,A,-,12,21453,A,N,D,G,A,A,H,-,A,A,0,,Y,,,Y,,L,04,0,0,1,0,0,0,1,0,0,"- ","- ",,,ALAMEDA,OAKLAND,-122.27162933349609,37.817001342773438
9492893,2022,2022-10-18,0109,2022-02-15,0850,9492,2,2,5,7,0109,0,0,0,,0,27X,"SEMINARY AV","BROMLEY ST",50.00,N,N,A,-,N,,,,,,,,,,N,4,0,1,2,A,-,11,21954,A,N,A,B,D,A,H,-,A,D,0,Y,,,,Y,,N,60,0,0,1,0,1,0,0,0,0,"- ","- ",,,ALAMEDA,OAKLAND,-122.19636535644531,37.767353057861328
9493905,2022,2022-10-11,0109,2022-08-22,1745,9590,1,1,5,7,0109,0,0,0,,0,09X,"37TH ST","WEST MACARTHUR BL",0.00,,Y,A,-,N,,,,,,,,,,N,4,0,1,2,A,-,12,21453,A,N,A,G,A,A,-,-,A,A,0,,Y,,,Y,,L,04,0,0,1,0,0,0,1,0,0,"- ","- ",,,ALAMEDA,OAKLAND,-122.26676940917969,37.826740264892578
9494009,2021,2022-09-26,0109,2021-05-14,2235,9750,1,5,5,7,0109,0,0,0,,0,20X,"23RD AV","FOOTHILL BL",0.00,,Y,A,B,N,,,,,,,,,,N,4,0,1,2,D,-,00,,,N,G,B,B,A,H,-,C,A,0,Y,,,,Y,Y,-,"- ",0,0,1,0,1,0,0,0,0,"- ","- ",,,ALAMEDA,OAKLAND,-122.234130859375,37.785186767578125
9495303,2022,2022-10-03,0109,2022-08-29,0756,9885,2,1,5,7,0109,0,0,0,,0,35X,"90TH AV","BANCROFT AV",30.00,N,N,B,-,N,,,,,,,,,,N,4,0,1,2,A,-,21,22106,,N,G,B,F,A,H,-,A,D,0,Y,,,,Y,,A,01,0,0,1,0,1,0,0,0,0,"- ","- ",,,ALAMEDA,OAKLAND,-122.16571807861328,37.753597259521484
9495306,2022,2022-10-03,0109,2022-08-15,0933,9951,1,1,5,7,0109,0,0,0,,0,04X,"LAKESIDE DR","JACKSON ST",0.00,,Y,A,-,N,,,,,,,,,,N,4,0,1,2,A,-,12,21453,A,N,G,B,B,A,H,-,A,A,0,Y,,,,Y,Y,M,93,0,0,1,0,1,0,0,0,0,"- ","- ",,,ALAMEDA,OAKLAND,-122.26274108886719,37.805931091308594
9495307,2022,2022-10-07,0109,2022-08-01,1153,9793,1,1,5,7,0109,0,0,0,,0,03Y,"HARRISON ST","12TH ST",0.00,,Y,A,-,N,,,,,,,,,,N,3,0,1,2,A,-,12,21453,A,N,G,G,A,A,H,-,A,A,0,,Y,,,Y,,A,07,0,1,0,0,0,0,1,0,0,"- ","- ",,,ALAMEDA,OAKLAND,-122.26846313476562,37.801548004150391
9495800,2022,2022-10-20,0109,2022-09-18,1642,9934,1,7,5,7,0109,0,0,0,,0,03X,"11TH ST","HARRISON ST",0.00,,Y,B,C,N,,,,,,,,,,N,3,0,1,2,A,-,10,21950,A,N,A,B,B,B,H,-,A,A,0,Y,,,,Y,,D,22,0,1,0,0,1,0,0,0,0,"- ","- ",,,ALAMEDA,OAKLAND,-122.26889038085938,37.800846099853516
9498033,2022,2022-09-26,0109,2022-09-02,1637,8867,2,5,5,7,0109,0,0,0,,0,27X,"46TH AV","BANCROFT AV",0.00,,Y,A,-,N,,,,,,,,,,N,4,0,1,2,A,-,10,21950,A,M,G,B,B,A,H,-,A,A,0,Y,,,,Y,,A,01,0,0,1,0,1,0,0,0,0,"- ","- ",,,ALAMEDA,OAKLAND,-122.21073150634766,37.772064208984375
9498289,2022,2022-10-13,0109,2022-08-08,0307,9905,1,1,5,7,0109,0,0,0,,0,03X,"MADISON ST","13TH ST",0.00,,Y,A,-,N,,,,,,,,,,N,3,0,1,2,A,-,12,21453,A,M,B,B,A,A,H,-,C,A,0,,Y,,,Y,,A,01,0,1,0,0,0,0,1,0,0,"- ","- ",,,ALAMEDA,OAKLAND,-122.26448822021484,37.800827026367188