CASE_ID,ACCIDENT_YEAR,PROC_DATE,JURIS,COLLISION_DATE,COLLISION_TIME,OFFICER_ID,REPORTING_DISTRICT,DAY_OF_WEEK,CHP_SHIFT,POPULATION,CNTY_CITY_LOC,SPECIAL_COND,BEAT_TYPE,CHP_BEAT_TYPE,CITY_DIVISION_LAPD,CHP_BEAT_CLASS,BEAT_NUMBER,PRIMARY_RD,SECONDARY_RD,DISTANCE,DIRECTION,INTERSECTION,WEATHER_1,WEATHER_2,STATE_HWY_IND,CALTRANS_COUNTY,CALTRANS_DISTRICT,STATE_ROUTE,ROUTE_SUFFIX,POSTMILE_PREFIX,POSTMILE,LOCATION_TYPE,RAMP_INTERSECTION,SIDE_OF_HWY,TOW_AWAY,COLLISION_SEVERITY,NUMBER_KILLED,NUMBER_INJURED,PARTY_COUNT,PRIMARY_COLL_FACTOR,PCF_CODE_OF_VIOL,PCF_VIOL_CATEGORY,PCF_VIOLATION,PCF_VIOL_SUBSECTION,HIT_AND_RUN,TYPE_OF_COLLISION,MVIW,PED_ACTION,ROAD_SURFACE,ROAD_COND_1,ROAD_COND_2,LIGHTING,CONTROL_DEVICE,CHP_ROAD_TYPE,PEDESTRIAN_ACCIDENT,BICYCLE_ACCIDENT,MOTORCYCLE_ACCIDENT,TRUCK_ACCIDENT,NOT_PRIVATE_PROPERTY,ALCOHOL_INVOLVED,STWD_VEHTYPE_AT_FAULT,CHP_VEHTYPE_AT_FAULT,COUNT_SEVERE_INJ,COUNT_VISIBLE_INJ,COUNT_COMPLAINT_PAIN,COUNT_PED_KILLED,COUNT_PED_INJURED,COUNT_BICYCLIST_KILLED,COUNT_BICYCLIST_INJURED,COUNT_MC_KILLED,COUNT_MC_INJURED,PRIMARY_RAMP,SECONDARY_RAMP,LATITUDE,LONGITUDE,COUNTY,CITY,POINT_X,POINT_Y
9498409,2022,2022-10-18,0109,2022-09-03,0014,9811,2,6,5,7,0109,0,0,0,,0,33X,"INTERNATIONAL BL","87TH AV",0.00,,Y,A,-,N,,,,,,,,,,N,3,0,1,2,A,-,08,22107,,F,G,B,E,A,H,-,C,D,0,Y,,,,Y,,-,99,0,1,0,0,1,0,0,0,0,"- ","- ",,,ALAMEDA,OAKLAND,-122.17607116699219,37.751758575439453
9498436,2022,2022-10-21,0109,2022-09-08,1159,10044,2,4,5,7,0109,0,0,0,,0,20X,"FOOTHILL BL","23RD AV",1.00,W,N,A,-,N,,,,,,,,,,N,4,0,1,2,A,-,05,21650,1,N,D,G,A,A,H,-,A,A,0,,Y,,,Y,,L,04,0,0,1,0,0,0,1,0,0,"- ","- ",,,ALAMEDA,OAKLAND,-122.234130859375,37.785190582275391
9498654,2022,2022-10-20,0109,2022-09-16,2314,9242,1,5,5,7,0109,0,0,0,,0,14X,"GRAND AV","LENOX AV",0.00,,Y,A,-,N,,,,,,,,,,N,3,0,1,2,A,-,09,21801,A,N,D,G,A,A,H,-,C,A,0,,Y,,,Y,,A,01,0,1,0,0,0,0,1,0,0,"- ","- ",,,ALAMEDA,OAKLAND,-122.25846099853516,37.809322357177734
9498696,2022,2022-10-19,0109,2022-08-02,1010,9377,1,2,5,7,0109,0,0,0,,0,19X,"INTERNATIONAL BL","22ND AV",200.00,E,N,A,-,N,,,,,,,,,,N,4,0,1,2,D,-,00,,,N,G,B,E,A,H,-,A,D,0,Y,,,,Y,,-,"- ",0,0,1,0,1,0,0,0,0,"- ","- ",,,ALAMEDA,OAKLAND,-122.23732757568359,37.784259796142578
9498697,2022,2022-10-19,0109,2022-08-08,1715,9109,1,1,5,7,0109,0,0,0,,0,04X,"W GRAND AV","TELEGRAPH AV",0.00,,Y,-,-,N,,,,,,,,,,N,2,0,1,2,A,-,10,21950,A,N,G,B,B,A,H,-,A,A,0,Y,,,,Y,,A,07,1,0,0,0,1,0,0,0,0,"- ","- ",,,ALAMEDA,OAKLAND,-122.26901245117188,37.811817169189453
9499049,2022,2022-10-20,0109,2022-07-15,1045,8958,2,5,5,7,0109,0,0,0,,0,26X,"76TH AV","SPENCER ST",100.00,N,N,A,-,N,,,,,,,,,,N,3,0,1,3,A,-,08,22107,,N,A,G,A,A,H,-,A,D,0,,Y,Y,,Y,,C,02,0,1,0,0,0,0,1,0,0,"- ","- ",,,ALAMEDA,OAKLAND,-122.19068145751953,37.754341125488281
9499666,2022,2022-11-14,0109,2022-09-16,0940,10045,1,5,5,7,0109,0,0,0,,0,11X,"TELEGRAPH AV","51ST ST",0.00,,Y,A,-,N,,,,,,,,,,N,3,0,1,2,A,-,03,22350,,N,C,G,A,A,H,-,A,A,0,,Y,,Y,Y,,L,04,0,1,0,0,0,0,1,0,0,"- ","- ",,,ALAMEDA,OAKLAND,-122.26235198974609,37.837207794189453
9500044,2022,2022-10-06,0109,2022-08-20,1400,9736,1,6,5,7,0109,0,0,0,,0,03X,BROADWAY,"12TH ST",0.00,,Y,A,-,N,,,,,,,,,,N,4,0,1,2,A,-,10,21950,A,N,A,B,-,A,H,-,A,A,0,Y,,,,Y,,A,01,0,0,1,0,1,0,0,0,0,"- ","- ",,,ALAMEDA,OAKLAND,-122.27204132080078,37.802932739257812
9500129,2022,2022-09-30,0109,2022-07-28,1840,9984,1,4,5,7,0109,0,0,0,,0,14X,"LAKESHORE AV","BEACON ST",0.00,,Y,A,-,N,,,,,,,,,,N,4,0,1,2,A,-,10,21950,A,N,G,B,B,A,H,-,A,A,0,Y,,,,Y,,A,01,0,0,1,0,1,0,0,0,0,"- ","- ",,,ALAMEDA,OAKLAND,-122.24770355224609,37.809062957763672
9500664,2022,2022-10-12,0109,2022-05-01,0018,9842,2,7,5,7,0109,0,0,0,,0,32X,"INTERNATIONAL BL","103RD AV",121.00,W,N,-,-,N,,,,,,,,,,N,2,0,1,2,A,-,11,21954,A,N,G,B,D,A,H,-,C,A,0,Y,,,,Y,,N,60,1,0,0,0,1,0,0,0,0,"- ","- ",,,ALAMEDA,OAKLAND,-122.16815185546875,37.741214752197266
9502701,2022,2022-09-19,0109,2022-05-24,1208,9948,2,2,5,7,0109,0,0,0,,0,23X,"E 12TH ST","35TH AV",0.00,,Y,A,-,N,,,,,,,,,,N,4,0,1,2,A,-,11,21954,A,N,G,B,C,A,H,-,A,A,0,Y,,,,Y,,N,60,0,0,1,0,1,0,0,0,0,"- ","- ",,,ALAMEDA,OAKLAND,-122.22307586669922,37.775592803955078
9502720,2022,2022-09-16,0109,2022-05-18,1845,9169,1,3,5,7,0109,0,0,0,,0,03X,"12TH ST","CASTRO ST",0.00,,Y,A,-,N,,,,,,,,,,N,2,0,1,2,A,-,12,21453,A,N,D,G,A,A,H,-,A,A,0,,Y,,,Y,,L,04,1,0,0,0,0,0,1,0,0,"- ","- ",,,ALAMEDA,OAKLAND,-122.27799987792969,37.805255889892578
9502729,2022,2022-09-16,0109,2022-06-23,1631,9924,1,4,5,7,0109,0,0,0,,0,03X,"MADISON ST","12TH ST",12.00,S,N,A,-,N,,,,,,,,,,N,3,0,1,2,A,-,11,21954,A,N,A,B,D,A,H,-,A,A,0,Y,,,,Y,,N,60,0,1,0,0,1,0,0,0,0,"- ","- ",,,ALAMEDA,OAKLAND,-122.26493072509766,37.80010986328125
9503034,2022,2022-09-19,0109,2022-02-27,1604,9975,1,7,5,7,0109,0,0,0,,0,08X,BROADWAY,"30TH ST",6.00,S,N,A,-,N,,,,,,,,,,N,4,0,1,2,A,-,10,21950,A,N,G,B,B,A,H,-,A,A,0,Y,,,,Y,,A,01,0,0,1,0,1,0,0,0,0,"- ","- ",,,ALAMEDA,OAKLAND,-122.26236724853516,37.818584442138672
9504156,2022,2022-11-08,0109,2022-04-22,0700,9733,1,5,5,7,0109,0,0,0,,0,04X,"TELEGRAPH AV","20TH ST",0.00,,Y,A,C,N,,,,,,,,,,N,1,1,0,2,A,-,10,21950,A,N,G,B,B,B,H,-,A,A,0,Y,,,,Y,,A,01,0,0,0,1,0,0,0,0,0,"- ","- ",,,ALAMEDA,OAKLAND,-122.26958465576172,37.809532165527344
9504711,2022,2022-10-26,0109,2022-07-22,1751,10010,1,5,5,7,0109,0,0,0,,0,16X,"MANDANA BL","LAKESHORE BL",0.00,,Y,A,-,N,,,,,,,,,,N,4,0,1,2,A,-,10,21950,A,N,G,B,B,A,H,-,A,A,0,Y,,,,Y,,A,01,0,0,1,0,1,0,0,0,0,"- ","- ",,,ALAMEDA,OAKLAND,-122.24254608154297,37.811717987060547
9507149,2022,2022-11-29,0109,2022-07-30,1200,9914,2,6,5,7,0109,0,0,0,,0,32X,"INTERNATIONAL BL","106TH AV",150.00,E,N,A,-,N,,,,,,,,,,N,4,0,1,2,A,-,10,21950,A,N,G,B,C,A,H,-,A,A,0,Y,,,,Y,,D,22,0,0,1,0,1,0,0,0,0,"- ","- ",,,ALAMEDA,OAKLAND,-122.16600799560547,37.738258361816406
9516066,2022,2022-12-15,0109,2022-11-03,1157,9929,1,4,5,7,0109,0,0,0,,0,07X,"36TH ST","SAN PABLO AV",0.00,,Y,A,-,N,,,,,,,,,,N,3,0,1,2,A,-,10,21950,A,F,G,B,B,A,H,-,A,A,0,Y,,,,Y,,A,07,0,1,0,0,1,0,0,0,0,"- ","- ",,,ALAMEDA,OAKLAND,-122.27863311767578,37.827037811279297
9516104,2022,2022-12-14,0109,2022-10-21,0830,10043,1,5,5,7,0109,0,0,0,,0,01X,"47TH ST","SHATTUCK AV",0.00,,Y,A,-,N,,,,,,,,,,N,4,0,1,2,A,-,10,21950,A,M,G,B,B,A,H,-,A,C,0,Y,,,,Y,,A,07,0,0,1,0,1,0,0,0,0,"- ","- ",,,ALAMEDA,OAKLAND,-122.26374053955078,37.834442138671875
9516910,2022,2022-12-15,0109,2022-09-27,0515,9995,2,2,5,7,0109,0,0,0,,0,26X,"SEMINARY AV","INTERNATIONAL BL",0.00,,Y,A,-,N,,,,,,,,,,N,4,0,1,2,A,-,12,21453,A,N,D,G,A,A,H,-,C,A,0,,Y,,,Y,,-,"- ",0,0,1,0,0,0,1,0,0,"- ","- ",,,ALAMEDA,OAKLAND,-122.19956207275391,37.765087127685547
9518995,2022,2023-03-08,0109,2022-11-17,1744,10036,2,4,5,7,0109,0,0,0,,0,33X,"INTERNATIONAL BL","94TH AV",80.00,E,N,A,-,N,,,,,,,,,,Y,4,0,2,5,A,-,08,22107,,N,B,E,F,A,H,-,C,A,0,Y,,,,Y,,-,,0,0,2,0,1,0,0,0,0,"- ","- ",,,ALAMEDA,OAKLAND,-122.17250061035156,37.746959686279297
9518997,2022,2023-02-02,0109,2022-11-12,1726,9962,2,6,5,7,0109,0,0,0,,0,21X,"FRUITVALE AV","BROODALE AV",150.00,S,N,A,-,N,,,,,,,,,,N,4,0,1,2,A,-,11,21954,A,N,G,B,D,A,H,-,B,D,0,Y,,,,Y,,N,60,0,0,1,0,1,0,0,0,0,"- ","- ",,,ALAMEDA,OAKLAND,-122.21920776367188,37.792667388916016
9518998,2022,2023-02-02,0109,2022-11-15,0824,10071,1,2,5,7,0109,0,0,0,,0,19X,"MACARTHUR BL","ATHOL AV",0.00,,Y,A,-,N,,,,,,,,,,N,4,0,1,2,A,-,10,21950,A,N,G,B,B,A,H,-,A,D,0,Y,,,,Y,,A,01,0,0,1,0,1,0,0,0,0,"- ","- ",,,ALAMEDA,OAKLAND,-122.24131011962891,37.806983947753906
9518999,2022,2023-02-02,0109,2022-11-19,0005,9945,2,6,5,7,0109,0,0,0,,0,30Y,"MACARTHUR BL","78TH AV",30.00,E,N,A,-,N,,,,,,,,,,N,2,0,2,4,A,-,01,23152,A,F,C,E,E,A,H,-,C,A,0,Y,,,,Y,Y,A,01,1,0,1,0,1,0,0,0,0,"- ","- ",,,ALAMEDA,OAKLAND,-122.16820526123047,37.766487121582031
9520320,2021,2023-01-31,0109,2021-04-25,1140,8658,1,7,5,7,0109,0,0,0,,0,03X,"JACKSON ST","10TH ST",10.00,N,N,C,-,N,,,,,,,,,,N,1,1,0,2,A,-,11,21453,D,N,G,B,B,B,H,-,A,A,0,Y,,,,Y,,N,60,0,0,0,1,0,0,0,0,0,"- ","- ",,,ALAMEDA,OAKLAND,-122.26693725585938,37.799243927001953
9520395,2021,2023-02-13,0109,2021-12-05,1356,8483,1,7,5,7,0109,0,0,0,,0,13X,"SHEPHERD CANYON RD","SNAKE RD",1320.00,S,N,A,-,N,,,,,,,,,,N,1,1,0,1,A,-,03,22350,,N,H,A,A,A,H,-,A,D,0,,Y,,,Y,,L,04,0,0,0,0,0,1,0,0,0,"- ","- ",,,ALAMEDA,OAKLAND,-122.20253753662109,37.824581146240234
9520674,2022,2023-06-28,0109,2022-10-03,2147,9689,2,1,5,7,0109,0,0,0,,0,26Y,"HEGENBERGER RD","HAMILTON ST",350.00,S,N,B,-,N,,,,,,,,,,Y,1,1,0,2,A,-,11,21954,A,F,G,B,C,A,H,-,C,D,0,Y,,,,Y,,N,60,0,0,0,1,0,0,0,0,0,"- ","- ",,,ALAMEDA,OAKLAND,-122.19130706787109,37.755832672119141
9522967,2022,2023-01-03,0109,2022-11-04,1842,10042,1,5,5,7,0109,0,0,0,,0,29X,"MACARTHUR BL","64TH AV",5.00,S,N,A,-,N,,,,,,,,,,N,4,0,1,2,A,-,11,21950,B,N,G,B,E,A,H,-,C,A,0,Y,,,,Y,,N,60,0,0,1,0,1,0,0,0,0,"- ","- ",,,ALAMEDA,OAKLAND,-122.17966461181641,37.773891448974609
9522968,2022,2023-01-03,0109,2022-11-09,0756,9381,2,3,5,7,0109,0,0,0,,0,27X,"BANCROFT AV","64TH AV",0.00,,Y,A,-,N,,,,,,,,,,N,4,0,1,2,A,-,09,21802,A,N,G,G,A,B,H,-,A,A,0,,Y,,,Y,,A,01,0,0,1,0,0,0,1,0,0,"- ","- ",,,ALAMEDA,OAKLAND,-122.18539428710938,37.770057678222656
9523151,2022,2022-12-27,0109,2022-10-16,1108,9969,2,7,5,7,0109,0,0,0,,0,30X,"70TH AV","INTERNATIONAL BL",100.00,N,N,B,-,N,,,,,,,,,,N,4,0,1,4,A,-,08,22107,,N,G,B,E,A,H,-,A,D,0,Y,,,,Y,,A,01,0,0,1,0,1,0,0,0,0,"- ","- ",,,ALAMEDA,OAKLAND,-122.18931579589844,37.760562896728516
9523546,2022,2022-12-12,0109,2022-10-01,1900,9196,2,6,5,7,0109,0,0,0,,0,25X,"MACARTHUR BL","HIGH ST",500.00,E,N,A,-,N,,,,,,,,,,N,4,0,1,2,A,-,05,21650,1,N,D,G,A,A,H,-,B,B,0,,Y,,,Y,,L,04,0,0,1,0,0,0,1,0,0,"- ","- ",,,ALAMEDA,OAKLAND,-122.19370269775391,37.786312103271484
9524323,2022,2022-12-12,0109,2022-08-21,1216,9916,2,7,5,7,0109,0,0,0,,0,27X,"FAIRFAX AV","HIGH ST",5.00,E,N,A,-,N,,,,,,,,,,N,4,0,1,2,A,-,10,21950,A,N,G,B,B,A,H,-,A,A,0,Y,,,,Y,Y,A,01,0,0,1,0,1,0,0,0,0,"- ","- ",,,ALAMEDA,OAKLAND,-122.205810546875,37.780750274658203
9524687,2022,2022-12-16,0109,2022-10-20,1110,10043,1,4,5,7,0109,0,0,0,,0,08X,"24TH ST","TELEGRAPH AV",115.00,E,N,A,-,N,,,,,,,,,,N,4,0,1,3,A,-,08,22102,,N,A,E,F,A,H,-,A,C,0,Y,,,,Y,,A,01,0,0,1,0,1,0,0,0,0,"- ","- ",,,ALAMEDA,OAKLAND,-122.26859283447266,37.813438415527344
9525518,2022,2023-02-02,0109,2022-12-23,1824,10022,2,5,5,7,0109,0,0,0,,0,23X,"37TH AV","SAN LEANDRO ST",3.00,S,N,A,-,N,,,,,,,,,,N,4,0,1,2,A,-,08,22107,,N,G,C,E,A,H,-,C,A,0,Y,,,,Y,,A,01,0,0,1,0,1,0,0,0,0,"- ","- ",,,ALAMEDA,OAKLAND,-122.22243499755859,37.773143768310547
9527574,2022,2023-02-21,0109,2022-09-01,1041,9994,2,4,5,7,0109,0,0,0,,0,26X,"75TH AV","SNELL ST",264.00,S,N,A,-,N,,,,,,,,,,Y,4,0,1,3,A,-,09,21802,A,N,D,C,A,A,H,-,A,A,0,,Y,,,Y,,A,01,0,0,1,0,0,0,1,0,0,"- ","- ",,,ALAMEDA,OAKLAND,-122.19556427001953,37.751934051513672
9528449,2022,2022-11-17,0109,2022-10-01,0200,9860,1,6,5,7,0109,0,0,0,,0,03X,"12TH ST",BROADWAY,20.00,S,N,-,-,N,,,,,,,,,,N,4,0,1,2,A,-,08,22107,,M,G,B,F,A,-,-,C,A,0,Y,,,,Y,,A,01,0,0,1,0,1,0,0,0,0,"- ","- ",,,ALAMEDA,OAKLAND,-122.27198028564453,37.802906036376953
9528468,2022,2022-11-22,0109,2022-10-12,1751,10007,1,3,5,7,0109,0,0,0,,0,05X,"16TH ST","ADELINE ST",0.00,,N,A,-,N,,,,,,,,,,N,4,0,1,2,A,-,08,22107,,M,B,-,A,A,H,-,A,D,0,,Y,,,Y,,-,,0,0,1,0,0,0,1,0,0,"- ","- ",,,ALAMEDA,OAKLAND,-122.28559875488281,37.811061859130859
9529008,2022,2022-11-29,0109,2022-10-19,1545,10033,2,3,5,7,0109,0,0,0,,0,32X,"100TH AV","INTERNATIONAL BL",5.00,S,N,A,-,N,,,,,,,,,,N,3,0,1,2,A,-,10,21950,A,N,G,B,B,A,H,-,A,A,0,Y,,,,Y,,A,01,0,1,0,0,1,0,0,0,0,"- ","- ",,,ALAMEDA,OAKLAND,-122.16927337646484,37.742740631103516
9536256,2022,2023-01-12,0109,2022-10-29,2157,10041,1,6,5,7,0109,0,0,0,,0,19X,"20TH AV","INTERNATIONAL BL",0.00,,Y,A,-,N,,,,,,,,,,N,3,0,1,2,A,-,12,21453,A,M,G,G,A,A,H,-,C,A,0,,Y,,,Y,,A,01,0,1,0,0,0,0,1,0,0,"- ","- ",,,ALAMEDA,OAKLAND,-122.23998260498047,37.785835266113281
9536756,2022,2023-11-22,0109,2022-03-09,1945,9515,2,3,5,7,0109,0,0,0,,0,26X,"HEGENBERGER RD","INTERNATIONAL BL",10.00,S,N,A,-,N,,,,,,,,,,N,3,0,1,2,A,-,12,21453,A,M,D,G,A,A,H,-,C,A,0,,Y,,,Y,,A,01,0,1,0,0,0,0,1,0,0,"- ","- ",,,ALAMEDA,OAKLAND,-122.18709564208984,37.759185791015625
9538356,2022,2023-02-02,0109,2022-12-05,1506,8824,1,1,5,7,0109,0,0,0,,0,03X,"HARRISON ST","10TH ST",0.00,,Y,B,-,N,,,,,,,,,,N,4,0,1,2,D,-,00,,,N,G,B,B,A,H,-,A,A,0,Y,,,,Y,,-,"- ",0,0,1,0,1,0,0,0,0,"- ","- ",,,ALAMEDA,OAKLAND,-122.26931762695312,37.800151824951172
9538609,2022,2023-01-04,0109,2022-06-29,1150,9940,1,3,5,7,0109,0,0,0,,0,02Y,"7TH ST","MANDELA PKWY",0.00,,Y,A,-,N,,,,,,,,,,N,4,0,1,2,A,-,10,21950,A,N,G,B,B,A,H,-,A,A,0,Y,,,,Y,,A,01,0,0,1,0,1,0,0,0,0,"- ","- ",,,ALAMEDA,OAKLAND,-122.29389953613281,37.804248809814453
9538613,2022,2023-01-06,0109,2022-03-15,1309,8815,1,2,5,7,0109,0,0,0,,0,06X,"40TH ST","LUTHER KING JR WY",0.00,,Y,A,-,N,,,,,,,,,,N,4,0,1,2,A,-,08,22107,,N,H,G,A,A,H,-,A,A,0,,Y,,,Y,,A,01,0,0,1,0,0,0,1,0,0,"- ","- ",,,ALAMEDA,OAKLAND,-122.2684326171875,37.82977294921875
9538742,2022,2023-01-17,0109,2022-11-27,1013,9968,2,7,5,7,0109,0,0,0,,0,31Z,"105TH AV","JUNE CT",170.00,S,N,A,-,N,,,,,,,,,,N,4,0,1,2,A,-,21,22106,,N,G,B,F,A,H,-,A,D,0,Y,,,,Y,,A,01,0,0,1,0,1,0,0,0,0,"- ","- ",,,ALAMEDA,OAKLAND,-122.179443359375,37.731559753417969
9539239,2022,2023-01-20,0109,2022-12-14,1812,9929,1,3,5,7,0109,0,0,0,,0,02Y,"7TH ST","CHESTER ST",30.00,E,N,A,-,N,,,,,,,,,,N,2,0,1,2,A,-,11,21954,A,N,G,B,D,A,H,-,C,D,0,Y,,,,Y,,N,60,1,0,0,0,1,0,0,0,0,"- ","- ",,,ALAMEDA,OAKLAND,-122.29615783691406,37.804828643798828
9539311,2022,2023-02-04,0109,2022-12-04,1921,9717,1,7,5,7,0109,0,0,0,,0,18X,"CLAREMONT AV","COLLEGE AV",20.00,N,N,C,-,N,,,,,,,,,,N,2,0,1,2,A,-,10,21950,A,N,G,B,B,B,H,-,C,A,0,Y,,,,Y,,A,01,1,0,0,0,1,0,0,0,0,"- ","- ",,,ALAMEDA,OAKLAND,-122.25224304199219,37.8494873046875
9540175,2022,2023-02-06,0109,2022-12-21,1535,9831,2,3,5,7,0109,0,0,0,,0,26X,"E 12TH ST","50TH AV",0.00,,Y,A,-,N,,,,,,,,,,N,3,0,1,2,A,-,11,21955,,N,G,B,D,A,H,-,A,D,0,Y,,,,Y,,N,60,0,1,0,0,1,0,0,0,0,"- ","- ",,,ALAMEDA,OAKLAND,-122.21063232421875,37.767673492431641
9541574,2022,2022-12-27,0109,2022-06-25,0206,9889,1,6,5,7,0109,0,0,0,,0,03X,"14TH ST","HARRISON ST",0.00,,Y,A,-,N,,,,,,,,,,N,4,0,1,2,A,-,12,21453,A,M,A,G,A,A,H,-,C,A,0,,Y,,,Y,Y,A,01,0,0,1,0,0,0,1,0,0,"- ","- ",,,ALAMEDA,OAKLAND,-122.26760101318359,37.802906036376953
9552376,2022,2023-04-05,0109,2022-12-18,1644,9962,2,7,5,7,0109,0,0,0,,0,23X,"E 17TH ST","FRUITVALE AV",0.00,,Y,A,-,N,,,,,,,,,,N,4,0,1,2,B,-,22,,,N,G,B,B,A,H,-,A,A,0,Y,,,,Y,,-,"- ",0,0,1,0,1,0,0,0,0,"- ","- ",,,ALAMEDA,OAKLAND,-122.22409057617188,37.7811279296875
9560138,2022,2023-03-20,0109,2022-03-10,1350,9578,1,4,5,7,0109,0,0,0,,0,04X,"CLAY ST","FRANK H OGAWA PLZ",0.00,,Y,A,-,N,,,,,,,,,,N,2,0,1,2,A,-,08,22107,,N,B,G,A,A,H,-,A,A,0,,Y,,,Y,,L,04,1,0,0,0,0,0,1,0,0,"- ","- ",,,ALAMEDA,OAKLAND,-122.27317810058594,37.805938720703125
9560898,2022,2023-04-13,0109,2022-02-20,0316,9802,1,7,5,7,0109,0,0,0,,0,07X,"28TH ST",MAGNOLIA,100.00,E,N,A,-,N,,,,,,,,,,N,4,0,2,3,A,-,08,22107,,N,C,C,-,A,H,-,C,A,0,Y,,,,Y,Y,A,01,0,0,2,0,1,0,0,0,0,"- ","- ",,,ALAMEDA,OAKLAND,-122.28299713134766,37.820446014404297
9561158,2022,2023-03-30,0109,2022-11-30,1008,9401,2,3,5,7,0109,0,0,0,,0,26Y,"77TH AV","INTERNATIONAL BL",0.00,,Y,A,-,N,,,,,,,,,,N,3,0,1,2,A,-,10,21950,A,F,G,B,B,A,H,-,A,A,0,Y,,,,Y,,A,01,0,1,0,0,1,0,0,0,0,"- ","- ",,,ALAMEDA,OAKLAND,-122.18440246582031,37.757907867431641
9562637,2022,2023-04-11,0109,2022-12-19,1647,9792,1,1,5,7,0109,0,0,0,,0,14X,"GRANDE AVE","PERKINS ST",50.00,E,N,A,-,N,,,,,,,,,,N,3,0,1,2,A,-,17,21209,A,N,C,G,A,A,H,-,A,A,0,,Y,,,Y,,A,01,0,1,0,0,0,0,1,0,0,"- ","- ",,,ALAMEDA,OAKLAND,-122.25595092773438,37.808933258056641
9566642,2022,2023-05-18,0109,2022-07-23,0123,9869,1,6,5,7,0109,0,0,0,,0,14X,"GRAND AV","SANTA CLARA",0.00,,Y,A,-,N,,,,,,,,,,N,2,0,1,2,A,-,12,21453,A,F,G,B,B,A,H,-,C,A,0,Y,,,,Y,,A,01,1,0,0,0,1,0,0,0,0,"- ","- ",,,ALAMEDA,OAKLAND,-122.24791717529297,37.811431884765625
9566649,2022,2023-05-18,0109,2022-09-22,1817,10022,2,4,5,7,0109,0,0,0,,0,19X,"E 9TH","FRUITVALE AV",27.00,S,N,A,-,N,,,,,,,,,,N,4,0,1,2,A,-,08,22107,,N,G,G,A,A,H,-,A,A,0,,Y,,,Y,,A,01,0,0,1,0,0,0,1,0,0,"- ","- ",,,ALAMEDA,OAKLAND,-122.22776794433594,37.773456573486328
9566653,2022,2023-05-18,0109,2022-06-05,0326,9853,1,7,5,7,0109,0,0,0,,0,05X,"FRONTAGE RD","WEST GRAND AV",300.00,S,N,A,-,N,,,,,,,,,,N,3,0,1,2,A,-,11,21954,A,N,G,B,E,B,H,-,B,D,0,Y,,,Y,Y,,N,60,0,1,0,0,1,0,0,0,0,"- ","- ",,,ALAMEDA,OAKLAND,-122.29468536376953,37.81842041015625
9586487,2022,2023-06-06,0109,2022-12-31,1314,10031,1,6,5,7,0109,0,0,0,,0,17X,"E 17TH ST","11TH AV",250.00,E,N,C,-,N,,,,,,,,,,N,4,0,1,2,A,-,21,22106,,N,G,G,A,B,H,-,A,D,0,,Y,,,Y,,A,01,0,0,1,0,0,0,1,0,0,"- ","- ",,,ALAMEDA,OAKLAND,-122.24549865722656,37.792804718017578
9586496,2022,2023-06-06,0109,2022-07-12,1548,9182,2,2,5,7,0109,0,0,0,,0,23X,"INTERNATIONAL BL","39TH AV",15.00,E,N,A,-,N,,,,,,,,,,Y,4,0,2,3,A,-,03,22350,,N,C,-,A,A,H,-,A,A,0,,Y,,,Y,,A,01,0,0,2,0,0,0,1,0,0,"- ","- ",,,ALAMEDA,OAKLAND,-122.21896362304688,37.774330139160156
9586500,2022,2023-06-06,0109,2022-05-18,1358,9182,2,3,5,7,0109,0,0,0,,0,30X,"76TH AV","INTERNATIONAL BL",3.00,N,N,A,-,N,,,,,,,,,,N,4,0,1,2,D,-,00,,,N,H,G,A,A,H,-,A,D,0,,Y,,,Y,,-,"- ",0,0,1,0,0,0,1,0,0,"- ","- ",,,ALAMEDA,OAKLAND,-122.18495178222656,37.758186340332031
9586678,2022,2023-06-16,0109,2022-12-07,2236,10022,2,3,5,7,0109,0,0,0,,0,26X,"HIGH ST","INTERNATIONAL BL",0.00,,Y,A,-,N,,,,,,,,,,N,4,0,1,2,A,-,10,21950,A,N,G,B,B,A,H,-,C,A,0,Y,,,,Y,,A,01,0,0,1,0,1,0,0,0,0,"- ","- ",,,ALAMEDA,OAKLAND,-122.21482849121094,37.772350311279297
9614811,2022,2023-08-24,0109,2022-12-04,1744,9533,1,7,5,7,0109,0,0,0,,0,03X,"12TH ST","HARRISON ST",0.00,,Y,C,-,N,,,,,,,,,,N,4,0,1,2,A,-,10,21950,A,N,G,B,B,B,H,-,C,A,0,Y,,,,Y,,A,01,0,0,1,0,1,0,0,0,0,"- ","- ",,,ALAMEDA,OAKLAND,-122.26846313476562,37.801548004150391